datetime	symbol	open	high	low	close	volume
2020-02-28 15:30:00	:AAPL	64.31	69.60	64.09	68.34	426884920.00
2020-03-02 15:30:00	:AAPL	70.57	75.36	69.43	74.70	341397356.00
2020-03-03 15:30:00	:AAPL	75.92	76.00	71.45	72.33	319475408.00
2020-03-04 15:30:00	:AAPL	74.11	75.85	73.28	75.69	219178272.00
2020-03-05 15:30:00	:AAPL	73.88	74.89	72.85	73.23	187572876.00
2020-03-06 15:30:00	:AAPL	70.50	72.70	70.31	72.26	226176984.00
2020-03-09 14:30:00	:AAPL	65.94	69.52	65.75	66.54	286744832.00
2020-03-10 14:30:00	:AAPL	69.28	71.61	67.34	71.33	285290080.00
2020-03-11 14:30:00	:AAPL	69.35	70.31	67.97	68.86	256379880.00
2020-03-12 14:30:00	:AAPL	63.98	67.50	62.00	62.06	418474068.00
2020-03-13 14:30:00	:AAPL	66.22	69.98	63.24	69.49	370732128.00
2020-03-16 14:30:00	:AAPL	60.49	64.77	60.00	60.55	322423460.00
2020-03-17 14:30:00	:AAPL	61.88	64.40	59.60	63.22	324055860.00
2020-03-18 14:30:00	:AAPL	59.94	62.50	59.28	61.67	300233624.00
2020-03-19 14:30:00	:AAPL	61.85	63.21	60.65	61.20	271857020.00
2020-03-20 14:30:00	:AAPL	61.80	62.96	57.00	57.31	401693384.00
2020-03-23 14:30:00	:AAPL	57.02	57.12	53.15	56.09	336752832.00
2020-03-24 14:30:00	:AAPL	59.09	61.92	58.58	61.72	287531092.00
2020-03-25 14:30:00	:AAPL	62.69	64.56	61.08	61.38	303602040.00
2020-03-26 14:30:00	:AAPL	61.63	64.67	61.59	64.61	252560676.00
2020-03-27 14:30:00	:AAPL	63.19	63.97	61.76	61.94	204216612.00
2020-03-30 15:30:00	:AAPL	62.69	63.88	62.35	63.70	167976440.00
2020-03-31 15:30:00	:AAPL	63.90	65.62	63.00	63.57	197002004.00
2020-04-01 15:30:00	:AAPL	61.62	62.18	59.78	60.23	176218552.00
2020-04-02 15:30:00	:AAPL	60.09	61.29	59.23	61.23	165933972.00
2020-04-03 15:30:00	:AAPL	60.70	61.42	59.74	60.35	129880068.00
2020-04-06 15:30:00	:AAPL	62.73	65.78	62.34	65.62	201820284.00
2020-04-07 15:30:00	:AAPL	67.70	67.92	64.75	64.86	202887324.00
2020-04-08 15:30:00	:AAPL	65.69	66.84	65.31	66.52	168895284.00
2020-04-09 15:30:00	:AAPL	67.17	67.52	66.17	67.00	162116492.00
2020-04-13 15:30:00	:AAPL	67.08	68.42	66.46	68.31	131022924.00
2020-04-14 15:30:00	:AAPL	70.00	72.06	69.51	71.76	194994688.00
2020-04-15 15:30:00	:AAPL	70.60	71.58	70.16	71.11	131154564.00
2020-04-16 15:30:00	:AAPL	71.84	72.05	70.59	71.67	157125160.00
2020-04-17 15:30:00	:AAPL	71.17	71.74	69.22	70.70	215249912.00
2020-04-20 15:30:00	:AAPL	69.49	70.42	69.21	69.23	130015000.00
2020-04-21 15:30:00	:AAPL	69.07	69.31	66.36	67.09	180991572.00
2020-04-22 15:30:00	:AAPL	68.40	69.47	68.05	69.03	117057368.00
2020-04-23 15:30:00	:AAPL	68.97	70.44	68.72	68.76	124814328.00
2020-04-24 15:30:00	:AAPL	69.30	70.75	69.25	70.74	126508732.00
2020-04-27 15:30:00	:AAPL	70.45	71.14	69.99	70.79	117087572.00
2020-04-28 15:30:00	:AAPL	71.27	71.46	69.55	69.64	112004748.00
2020-04-29 15:30:00	:AAPL	71.18	72.42	70.97	71.93	137280816.00
2020-04-30 15:30:00	:AAPL	72.49	73.63	72.09	73.45	183063872.00
2020-05-01 15:30:00	:AAPL	71.56	74.75	71.46	72.27	240616700.00
2020-05-04 15:30:00	:AAPL	72.29	73.42	71.58	73.29	133567944.00
2020-05-05 15:30:00	:AAPL	73.77	75.25	73.61	74.39	147751180.00
2020-05-06 15:30:00	:AAPL	75.11	75.81	74.72	75.16	142333752.00
2020-05-07 15:30:00	:AAPL	75.81	76.29	75.49	75.94	115215056.00
2020-05-08 15:30:00	:AAPL	76.41	77.59	76.07	77.53	134047940.00
2020-05-11 15:30:00	:AAPL	77.03	79.26	76.81	78.75	145946244.00
2020-05-12 15:30:00	:AAPL	79.46	79.92	77.73	77.85	162301052.00
2020-05-13 15:30:00	:AAPL	78.04	78.99	75.80	76.91	200622556.00
2020-05-14 15:30:00	:AAPL	76.13	77.45	75.38	77.39	158929076.00
2020-05-15 15:30:00	:AAPL	75.09	76.97	75.05	76.93	166348376.00
2020-05-18 15:30:00	:AAPL	78.29	79.12	77.58	78.74	135372500.00
2020-05-19 15:30:00	:AAPL	78.76	79.63	78.25	78.28	101729540.00
2020-05-20 15:30:00	:AAPL	79.17	79.88	79.05	79.81	111504860.00
2020-05-21 15:30:00	:AAPL	79.67	80.22	78.97	79.21	102688844.00
2020-05-22 15:30:00	:AAPL	78.94	79.81	78.84	79.72	81803016.00
2020-05-26 15:30:00	:AAPL	80.88	81.06	79.12	79.18	125521816.00
2020-05-27 15:30:00	:AAPL	79.03	79.68	78.27	79.53	112945096.00
2020-05-28 15:30:00	:AAPL	79.19	80.86	78.91	79.56	133796412.00
2020-05-29 15:30:00	:AAPL	79.81	80.29	79.12	79.48	153598128.00
2020-06-01 15:30:00	:AAPL	79.44	80.59	79.30	80.46	81018612.00
2020-06-02 15:30:00	:AAPL	80.19	80.86	79.73	80.83	87642816.00
2020-06-03 15:30:00	:AAPL	81.17	81.55	80.58	81.28	104491216.00
2020-06-04 15:30:00	:AAPL	81.10	81.41	80.19	80.58	87560364.00
2020-06-05 15:30:00	:AAPL	80.84	82.94	80.81	82.88	137250200.00
2020-06-08 15:30:00	:AAPL	82.56	83.40	81.83	83.36	95654536.00
2020-06-09 15:30:00	:AAPL	83.03	86.40	83.00	86.00	147712364.00
2020-06-10 15:30:00	:AAPL	86.97	88.69	86.52	88.21	166651752.00
2020-06-11 15:30:00	:AAPL	87.33	87.77	83.87	83.97	201662452.00
2020-06-12 15:30:00	:AAPL	86.18	86.95	83.56	84.70	200146052.00
2020-06-15 15:30:00	:AAPL	83.31	86.42	83.14	85.75	138808920.00
2020-06-16 15:30:00	:AAPL	87.86	88.30	86.18	88.02	165428728.00
2020-06-17 15:30:00	:AAPL	88.79	88.85	87.77	87.90	114406504.00
2020-06-18 15:30:00	:AAPL	87.85	88.36	87.31	87.93	96820384.00
2020-06-19 15:30:00	:AAPL	88.66	89.14	86.29	87.43	264475808.00
2020-06-22 15:30:00	:AAPL	87.83	89.86	87.79	89.72	135445264.00
2020-06-23 15:30:00	:AAPL	91.00	93.09	90.57	91.63	212155476.00
2020-06-24 15:30:00	:AAPL	91.25	92.20	89.63	90.02	192623396.00
2020-06-25 15:30:00	:AAPL	90.17	91.25	89.39	91.21	137522512.00
2020-06-26 15:30:00	:AAPL	91.10	91.33	88.25	88.41	205256844.00
2020-06-29 15:30:00	:AAPL	88.31	90.54	87.82	90.44	130646076.00
2020-06-30 15:30:00	:AAPL	90.02	91.50	90.00	91.20	140223284.00
2020-07-01 15:30:00	:AAPL	91.28	91.84	90.98	91.03	110737236.00
2020-07-02 15:30:00	:AAPL	91.96	92.62	90.91	91.03	114041468.00
2020-07-06 15:30:00	:AAPL	92.50	93.94	92.47	93.46	118655652.00
2020-07-07 15:30:00	:AAPL	93.85	94.66	93.06	93.17	112424456.00
2020-07-08 15:30:00	:AAPL	94.18	95.38	94.09	95.34	117091880.00
2020-07-09 15:30:00	:AAPL	96.26	96.32	94.67	95.68	125642608.00
2020-07-10 15:30:00	:AAPL	95.33	95.98	94.71	95.92	90257320.00
2020-07-13 15:30:00	:AAPL	97.27	99.95	95.26	95.48	191649140.00
2020-07-14 15:30:00	:AAPL	94.84	97.25	93.88	97.06	170989364.00
2020-07-15 15:30:00	:AAPL	98.99	99.25	96.49	97.72	153197932.00
2020-07-16 15:30:00	:AAPL	96.56	97.41	95.91	96.52	110577672.00
2020-07-17 15:30:00	:AAPL	96.99	97.15	95.84	96.33	92186900.00
2020-07-20 15:30:00	:AAPL	96.42	98.50	96.06	98.36	90317908.00
2020-07-21 15:30:00	:AAPL	99.17	99.25	96.74	97.00	103645836.00
2020-07-22 15:30:00	:AAPL	96.69	97.97	96.60	97.27	89001652.00
2020-07-23 15:30:00	:AAPL	97.00	97.08	92.01	92.84	197004432.00
2020-07-24 15:30:00	:AAPL	90.99	92.97	89.14	92.61	185438864.00
2020-07-27 15:30:00	:AAPL	93.71	94.91	93.48	94.81	121214192.00
2020-07-28 15:30:00	:AAPL	94.37	94.55	93.25	93.25	103625500.00
2020-07-29 15:30:00	:AAPL	93.75	95.23	93.71	95.04	90329256.00
2020-07-30 15:30:00	:AAPL	94.19	96.30	93.77	96.19	158130020.00
2020-07-31 15:30:00	:AAPL	102.88	106.42	100.83	106.26	374295468.00
2020-08-03 15:30:00	:AAPL	108.20	111.64	107.89	108.94	308151388.00
2020-08-04 15:30:00	:AAPL	109.13	110.79	108.39	109.67	172792368.00
2020-08-05 15:30:00	:AAPL	109.38	110.39	108.90	110.06	121991952.00
2020-08-06 15:30:00	:AAPL	110.41	114.41	109.80	113.90	202428900.00
2020-08-07 15:30:00	:AAPL	113.20	113.67	110.29	111.11	198045612.00
2020-08-10 15:30:00	:AAPL	112.60	113.78	110.00	112.73	212403424.00
2020-08-11 15:30:00	:AAPL	111.97	112.48	109.11	109.38	187902376.00
2020-08-12 15:30:00	:AAPL	110.50	113.28	110.30	113.01	165944820.00
2020-08-13 15:30:00	:AAPL	114.43	116.04	113.93	115.01	210082064.00
2020-08-14 15:30:00	:AAPL	114.83	115.00	113.05	114.91	165565208.00
2020-08-17 15:30:00	:AAPL	116.06	116.09	113.96	114.61	119561444.00
2020-08-18 15:30:00	:AAPL	114.35	116.00	114.01	115.56	105633540.00
2020-08-19 15:30:00	:AAPL	115.98	117.16	115.61	115.71	145538008.00
2020-08-20 15:30:00	:AAPL	115.75	118.39	115.73	118.28	126907188.00
2020-08-21 15:30:00	:AAPL	119.26	124.87	119.25	124.37	338054640.00
2020-08-24 15:30:00	:AAPL	128.70	128.78	123.94	125.86	345937768.00
2020-08-25 15:30:00	:AAPL	124.70	125.18	123.05	124.83	211495788.00
2020-08-26 15:30:00	:AAPL	126.18	126.99	125.08	126.52	163022268.00
2020-08-27 15:30:00	:AAPL	127.14	127.48	123.83	125.01	155552384.00
2020-08-28 15:30:00	:AAPL	126.01	126.44	124.58	124.81	187629916.00
2020-08-31 15:30:00	:AAPL	127.58	131.00	126.00	129.04	225702688.00
2020-09-01 15:30:00	:AAPL	132.76	134.80	130.53	134.18	152470142.00
2020-09-02 15:30:00	:AAPL	137.59	137.98	127.00	131.40	200118991.00
2020-09-03 15:30:00	:AAPL	126.91	128.84	120.50	120.88	257599640.00
2020-09-04 15:30:00	:AAPL	120.07	123.70	110.89	120.96	332607163.00
2020-09-08 15:30:00	:AAPL	113.95	118.99	112.68	112.82	231366563.00
2020-09-09 15:30:00	:AAPL	117.26	119.14	115.26	117.32	176940455.00
2020-09-10 15:30:00	:AAPL	120.36	120.50	112.50	113.49	182274391.00
2020-09-11 15:30:00	:AAPL	114.57	115.23	110.00	112.00	180860325.00
2020-09-14 15:30:00	:AAPL	114.72	115.93	112.80	115.36	140150087.00
2020-09-15 15:30:00	:AAPL	118.33	118.83	113.61	115.54	184642039.00
2020-09-16 15:30:00	:AAPL	115.23	116.00	112.04	112.13	155026675.00
2020-09-17 15:30:00	:AAPL	109.72	112.20	108.71	110.34	178010968.00
2020-09-18 15:30:00	:AAPL	110.40	110.88	106.09	106.84	287104882.00
2020-09-21 15:30:00	:AAPL	104.54	110.19	103.10	110.08	195713815.00
2020-09-22 15:30:00	:AAPL	112.68	112.86	109.16	111.81	183055373.00
2020-09-23 15:30:00	:AAPL	111.62	112.11	106.77	107.12	150718671.00
2020-09-24 15:30:00	:AAPL	105.17	110.25	105.00	108.22	167743349.00
2020-09-25 15:30:00	:AAPL	108.43	112.44	107.67	112.28	149981441.00
2020-09-28 15:30:00	:AAPL	115.01	115.32	112.78	114.96	137672403.00
2020-09-29 15:30:00	:AAPL	114.55	115.31	113.57	114.09	100060526.00
2020-09-30 15:30:00	:AAPL	113.79	117.26	113.62	115.81	142675184.00
2020-10-01 15:30:00	:AAPL	117.64	117.72	115.83	116.79	116120440.00
2020-10-02 15:30:00	:AAPL	112.89	115.37	112.22	113.02	144711986.00
2020-10-05 15:30:00	:AAPL	113.91	116.65	113.55	116.50	106243839.00
2020-10-06 15:30:00	:AAPL	115.70	116.12	112.25	113.16	161498212.00
2020-10-07 15:30:00	:AAPL	114.62	115.55	114.13	115.08	96848985.00
2020-10-08 15:30:00	:AAPL	116.25	116.40	114.59	114.97	83477153.00
2020-10-09 15:30:00	:AAPL	115.28	117.00	114.92	116.97	100506865.00
2020-10-12 15:30:00	:AAPL	120.06	125.18	119.28	124.40	240226769.00
2020-10-13 15:30:00	:AAPL	125.27	125.39	119.65	121.10	262330451.00
2020-10-14 15:30:00	:AAPL	121.00	123.03	119.62	121.19	151062308.00
2020-10-15 15:30:00	:AAPL	118.72	121.20	118.15	120.71	112559219.00
2020-10-16 15:30:00	:AAPL	121.28	121.55	118.81	119.02	115393808.00
2020-10-19 15:30:00	:AAPL	119.96	120.42	115.66	115.98	120639337.00
2020-10-20 15:30:00	:AAPL	116.20	118.98	115.63	117.51	124423728.00
2020-10-21 15:30:00	:AAPL	116.67	118.70	116.45	116.87	89945980.00
2020-10-22 15:30:00	:AAPL	117.45	118.04	114.59	115.75	101987954.00
2020-10-23 15:30:00	:AAPL	116.39	116.55	114.28	115.04	82572645.00
2020-10-26 14:30:00	:AAPL	114.01	116.55	112.88	115.05	111850657.00
2020-10-27 14:30:00	:AAPL	115.49	117.28	114.54	116.60	92276772.00
2020-10-28 14:30:00	:AAPL	115.05	115.43	111.10	111.20	143937823.00
2020-10-29 14:30:00	:AAPL	112.37	116.93	112.20	115.32	146129173.00
2020-10-30 14:30:00	:AAPL	111.06	111.99	107.72	108.86	190573476.00
2020-11-02 15:30:00	:AAPL	109.11	110.68	107.32	108.77	122866899.00
2020-11-03 15:30:00	:AAPL	109.66	111.49	108.73	110.44	107624448.00
2020-11-04 15:30:00	:AAPL	114.14	115.59	112.35	114.95	138235482.00
2020-11-05 15:30:00	:AAPL	117.95	119.62	116.87	119.03	126387074.00
2020-11-06 15:30:00	:AAPL	118.32	119.20	116.13	118.69	114457922.00
2020-11-09 15:30:00	:AAPL	120.50	121.99	116.05	116.32	154515315.00
2020-11-10 15:30:00	:AAPL	115.55	117.59	114.13	115.97	138023390.00
2020-11-11 15:30:00	:AAPL	117.19	119.63	116.44	119.49	112294954.00
2020-11-12 15:30:00	:AAPL	119.62	120.53	118.57	119.21	103350674.00
2020-11-13 15:30:00	:AAPL	119.44	119.67	117.87	119.26	81688586.00
2020-11-16 15:30:00	:AAPL	118.92	120.99	118.15	120.30	91183018.00
2020-11-17 15:30:00	:AAPL	119.55	120.67	118.96	119.39	74270973.00
2020-11-18 15:30:00	:AAPL	118.61	119.82	118.00	118.03	76322111.00
2020-11-19 15:30:00	:AAPL	117.59	119.06	116.81	118.64	74112972.00
2020-11-20 15:30:00	:AAPL	118.64	118.77	117.29	117.34	73604287.00
2020-11-23 15:30:00	:AAPL	117.18	117.62	113.75	113.85	127959318.00
2020-11-24 15:30:00	:AAPL	113.91	115.85	112.59	115.17	113874218.00
2020-11-25 15:30:00	:AAPL	115.55	116.75	115.17	116.03	76499234.00
2020-11-27 15:30:00	:AAPL	116.57	117.49	116.22	116.59	46691331.00
2020-11-30 15:30:00	:AAPL	116.97	120.97	116.81	119.05	169410176.00
2020-12-01 15:30:00	:AAPL	121.01	123.47	120.01	122.72	128166803.00
2020-12-02 15:30:00	:AAPL	122.02	123.37	120.89	123.08	89004195.00
2020-12-03 15:30:00	:AAPL	123.52	123.78	122.21	122.94	78967630.00
2020-12-04 15:30:00	:AAPL	122.60	122.86	121.52	122.25	78260421.00
2020-12-07 15:30:00	:AAPL	122.31	124.57	122.25	123.75	86711990.00
2020-12-08 15:30:00	:AAPL	124.37	124.98	123.09	124.38	82225512.00
2020-12-09 15:30:00	:AAPL	124.53	125.95	121.00	121.78	115089193.00
2020-12-10 15:30:00	:AAPL	120.50	123.87	120.15	123.24	81312170.00
2020-12-11 15:30:00	:AAPL	122.43	122.76	120.55	122.41	86939786.00
2020-12-14 15:30:00	:AAPL	122.60	123.35	121.54	121.78	79075988.00
2020-12-15 15:30:00	:AAPL	124.34	127.90	124.13	127.88	157572262.00
2020-12-16 15:30:00	:AAPL	127.41	128.37	126.56	127.81	98208591.00
2020-12-17 15:30:00	:AAPL	128.90	129.58	128.04	128.70	94359811.00
2020-12-18 15:30:00	:AAPL	128.96	129.10	126.12	126.66	192541496.00
2020-12-21 15:30:00	:AAPL	125.02	128.31	123.45	128.23	121251553.00
2020-12-22 15:30:00	:AAPL	131.61	134.41	129.65	131.88	169351825.00
2020-12-23 15:30:00	:AAPL	132.16	132.43	130.78	130.96	88223692.00
2020-12-24 15:30:00	:AAPL	131.32	133.46	131.10	131.97	54930064.00
2020-12-28 15:30:00	:AAPL	133.99	137.34	133.51	136.69	124486237.00
2020-12-29 15:30:00	:AAPL	138.05	138.79	134.34	134.87	121047324.00
2020-12-30 15:30:00	:AAPL	135.58	135.99	133.40	133.72	96452124.00
2020-12-31 15:30:00	:AAPL	134.08	134.74	131.72	132.69	99116586.00
2021-01-04 15:30:00	:AAPL	133.52	133.61	126.76	129.41	143301887.00
2021-01-05 15:30:00	:AAPL	128.89	131.74	128.43	131.01	97664898.00
2021-01-06 15:30:00	:AAPL	127.72	131.05	126.38	126.60	155087970.00
2021-01-07 15:30:00	:AAPL	128.36	131.63	127.86	130.92	109578157.00
2021-01-08 15:30:00	:AAPL	132.43	132.63	130.23	132.05	105158245.00
2021-01-11 15:30:00	:AAPL	129.19	130.17	128.50	128.98	100620880.00
2021-01-12 15:30:00	:AAPL	128.50	129.69	126.86	128.80	91951145.00
2021-01-13 15:30:00	:AAPL	128.76	131.45	128.49	130.89	88636831.00
2021-01-14 15:30:00	:AAPL	130.80	131.00	128.76	128.91	90221755.00
2021-01-15 15:30:00	:AAPL	128.78	130.22	127.00	127.14	111598531.00
2021-01-19 15:30:00	:AAPL	127.78	128.71	126.94	127.83	90757329.00
2021-01-20 15:30:00	:AAPL	128.66	132.49	128.55	132.03	104319489.00
2021-01-21 15:30:00	:AAPL	133.80	139.67	133.59	136.87	120529544.00
2021-01-22 15:30:00	:AAPL	136.28	139.85	135.02	139.07	114459360.00
2021-01-25 15:30:00	:AAPL	143.07	145.09	136.54	142.92	157611713.00
2021-01-26 15:30:00	:AAPL	143.60	144.30	141.37	143.16	98390555.00
2021-01-27 15:30:00	:AAPL	143.43	144.30	140.41	142.06	140843759.00
2021-01-28 15:30:00	:AAPL	139.52	141.99	136.70	137.09	142621128.00
2021-01-29 15:30:00	:AAPL	135.83	136.74	130.21	131.96	177523812.00
2021-02-01 15:30:00	:AAPL	133.75	135.38	130.93	134.14	106239823.00
2021-02-02 15:30:00	:AAPL	135.73	136.31	134.61	134.99	83305367.00
2021-02-03 15:30:00	:AAPL	135.76	135.77	133.61	133.94	89880937.00
2021-02-04 15:30:00	:AAPL	136.30	137.40	134.59	137.39	84183061.00
2021-02-05 15:30:00	:AAPL	137.35	137.42	135.86	136.76	75693830.00
2021-02-08 15:30:00	:AAPL	136.03	136.96	134.92	136.91	71297214.00
2021-02-09 15:30:00	:AAPL	136.62	137.88	135.85	136.01	76774213.00
2021-02-10 15:30:00	:AAPL	136.48	136.99	134.40	135.39	73046563.00
2021-02-11 15:30:00	:AAPL	135.90	136.39	133.77	135.13	64280029.00
2021-02-12 15:30:00	:AAPL	134.35	135.53	133.69	135.37	60145130.00
2021-02-16 15:30:00	:AAPL	135.49	136.01	132.79	133.19	80576316.00
2021-02-17 15:30:00	:AAPL	131.25	132.22	129.47	130.84	98085249.00
2021-02-18 15:30:00	:AAPL	129.20	130.00	127.41	129.71	96856748.00
2021-02-19 15:30:00	:AAPL	130.24	130.71	128.80	129.87	87668834.00
2021-02-22 15:30:00	:AAPL	128.01	129.72	125.60	126.00	103916419.00
2021-02-23 15:30:00	:AAPL	123.76	126.71	118.39	125.86	158273022.00
2021-02-24 15:30:00	:AAPL	124.94	125.56	122.23	125.35	111039904.00
2021-02-25 15:30:00	:AAPL	124.68	126.46	120.54	120.99	148199540.00
2021-02-26 15:30:00	:AAPL	122.59	124.85	121.20	121.26	164560394.00
2021-03-01 15:30:00	:AAPL	123.75	127.93	122.79	127.79	116307892.00
2021-03-02 15:30:00	:AAPL	128.41	128.72	125.01	125.12	102260945.00
2021-03-03 15:30:00	:AAPL	124.81	125.71	121.84	122.06	112966340.00
2021-03-04 15:30:00	:AAPL	121.75	123.60	118.62	120.13	178154975.00
2021-03-05 15:30:00	:AAPL	120.98	121.94	117.57	121.42	153766601.00
2021-03-08 15:30:00	:AAPL	120.93	121.00	116.21	116.36	154376610.00
2021-03-09 15:30:00	:AAPL	119.03	122.06	118.79	121.08	129525780.00
2021-03-10 15:30:00	:AAPL	121.69	122.17	119.45	119.98	111943326.00
2021-03-11 15:30:00	:AAPL	122.54	123.21	121.26	121.96	103026514.00
2021-03-12 15:30:00	:AAPL	120.40	121.17	119.16	121.03	88105050.00
2021-03-15 14:30:00	:AAPL	121.41	124.00	120.42	123.99	92590555.00
2021-03-16 14:30:00	:AAPL	125.70	127.22	124.72	125.57	115227936.00
2021-03-17 14:30:00	:AAPL	124.05	125.86	122.34	124.76	111932636.00
2021-03-18 14:30:00	:AAPL	122.88	123.18	120.32	120.53	121469755.00
2021-03-19 14:30:00	:AAPL	119.90	121.43	119.67	119.99	185549522.00
2021-03-22 14:30:00	:AAPL	120.33	123.87	120.26	123.39	111912284.00
2021-03-23 14:30:00	:AAPL	123.33	124.24	122.14	122.54	95467142.00
2021-03-24 14:30:00	:AAPL	122.82	122.90	120.06	120.09	88530485.00
2021-03-25 14:30:00	:AAPL	119.54	121.66	119.00	120.59	98844681.00
2021-03-26 14:30:00	:AAPL	120.35	121.48	118.92	121.21	94071234.00
2021-03-29 15:30:00	:AAPL	121.65	122.58	120.73	121.39	80819203.00
2021-03-30 15:30:00	:AAPL	120.11	120.40	118.86	119.90	85671919.00
2021-03-31 15:30:00	:AAPL	121.65	123.52	121.15	122.15	118323826.00
2021-04-01 15:30:00	:AAPL	123.66	124.18	122.49	123.00	75089134.00
2021-04-05 15:30:00	:AAPL	123.87	126.16	123.07	125.90	88651175.00
2021-04-06 15:30:00	:AAPL	126.50	127.13	125.65	126.21	80171253.00
2021-04-07 15:30:00	:AAPL	125.83	127.92	125.14	127.90	83466716.00
2021-04-08 15:30:00	:AAPL	128.95	130.39	128.52	130.36	88844591.00
2021-04-09 15:30:00	:AAPL	129.80	133.04	129.47	133.00	106686703.00
2021-04-12 15:30:00	:AAPL	132.52	132.85	130.63	131.24	91419983.00
2021-04-13 15:30:00	:AAPL	132.44	134.66	131.93	134.43	91266545.00
2021-04-14 15:30:00	:AAPL	134.94	135.00	131.66	132.03	87222782.00
2021-04-15 15:30:00	:AAPL	133.82	135.00	133.64	134.50	89347102.00
2021-04-16 15:30:00	:AAPL	134.30	134.67	133.28	134.16	84922386.00
2021-04-19 15:30:00	:AAPL	133.51	135.47	133.34	134.84	94264215.00
2021-04-20 15:30:00	:AAPL	135.02	135.53	131.81	133.11	94812349.00
2021-04-21 15:30:00	:AAPL	132.36	133.75	131.30	133.50	68847136.00
2021-04-22 15:30:00	:AAPL	133.04	134.15	131.41	131.94	84566456.00
2021-04-23 15:30:00	:AAPL	132.16	135.12	132.16	134.32	78756779.00
2021-04-26 15:30:00	:AAPL	134.83	135.06	133.56	134.72	66905069.00
2021-04-27 15:30:00	:AAPL	135.01	135.41	134.11	134.39	66015804.00
2021-04-28 15:30:00	:AAPL	134.31	135.02	133.08	133.58	107760097.00
2021-04-29 15:30:00	:AAPL	136.47	137.07	132.45	133.48	151100953.00
2021-04-30 15:30:00	:AAPL	131.78	133.56	131.06	131.46	109839466.00
2021-05-03 15:30:00	:AAPL	132.04	134.07	131.83	132.54	75135100.00
2021-05-04 15:30:00	:AAPL	131.19	131.49	126.70	127.85	137564718.00
2021-05-05 15:30:00	:AAPL	129.20	130.45	127.97	128.10	84000900.00
2021-05-06 15:30:00	:AAPL	127.89	129.75	127.13	129.74	78128334.00
2021-05-07 15:30:00	:AAPL	130.85	131.26	129.47	130.21	78973273.00
2021-05-10 15:30:00	:AAPL	129.41	129.54	126.81	126.85	88071229.00
2021-05-11 15:30:00	:AAPL	123.50	126.27	122.77	125.91	126142826.00
2021-05-12 15:30:00	:AAPL	123.40	124.64	122.25	122.77	112172282.00
2021-05-13 15:30:00	:AAPL	124.58	126.15	124.26	124.97	105861339.00
2021-05-14 15:30:00	:AAPL	126.25	127.89	125.85	127.45	81917951.00
2021-05-17 15:30:00	:AAPL	126.82	126.93	125.17	126.27	74244624.00
2021-05-18 15:30:00	:AAPL	126.56	126.99	124.78	124.85	63342929.00
2021-05-19 15:30:00	:AAPL	123.16	124.92	122.86	124.69	92611989.00
2021-05-20 15:30:00	:AAPL	125.23	127.72	125.10	127.31	76857123.00
2021-05-21 15:30:00	:AAPL	127.82	128.00	125.21	125.43	79295436.00
2021-05-24 15:30:00	:AAPL	126.01	127.94	125.94	127.10	63092945.00
2021-05-25 15:30:00	:AAPL	127.82	128.32	126.32	126.90	72009482.00
2021-05-26 15:30:00	:AAPL	126.95	127.39	126.42	126.85	56575920.00
2021-05-27 15:30:00	:AAPL	126.44	127.64	125.08	125.28	94625601.00
2021-05-28 15:30:00	:AAPL	125.57	125.80	124.55	124.61	71311109.00
2021-06-01 15:30:00	:AAPL	125.08	125.35	123.94	124.28	67637118.00
2021-06-02 15:30:00	:AAPL	124.28	125.24	124.05	125.06	59278862.00
2021-06-03 15:30:00	:AAPL	124.68	124.85	123.13	123.54	76229170.00
2021-06-04 15:30:00	:AAPL	124.07	126.16	123.85	125.89	75169343.00
2021-06-07 15:30:00	:AAPL	126.17	126.32	124.83	125.90	71057550.00
2021-06-08 15:30:00	:AAPL	126.60	128.46	126.21	126.74	74403774.00
2021-06-09 15:30:00	:AAPL	127.21	127.75	126.52	127.13	56877937.00
2021-06-10 15:30:00	:AAPL	127.02	128.19	125.94	126.11	71186421.00
2021-06-11 15:30:00	:AAPL	126.53	127.44	126.10	127.35	53522373.00
2021-06-14 15:30:00	:AAPL	127.82	130.54	127.07	130.48	96906490.00
2021-06-15 15:30:00	:AAPL	129.94	130.60	129.39	129.64	62746332.00
2021-06-16 15:30:00	:AAPL	130.37	130.89	128.46	130.15	91815026.00
2021-06-17 15:30:00	:AAPL	129.80	132.55	129.65	131.79	96721669.00
2021-06-18 15:30:00	:AAPL	130.71	131.51	130.24	130.46	108953309.00
2021-06-21 15:30:00	:AAPL	130.30	132.41	129.21	132.30	79663316.00
2021-06-22 15:30:00	:AAPL	132.13	134.08	131.62	133.98	74783618.00
2021-06-23 15:30:00	:AAPL	133.77	134.32	133.23	133.70	60214200.00
2021-06-24 15:30:00	:AAPL	134.45	134.64	132.93	133.41	68710998.00
2021-06-25 15:30:00	:AAPL	133.46	133.89	132.81	133.11	70783746.00
2021-06-28 15:30:00	:AAPL	133.41	135.25	133.35	134.78	62111303.00
2021-06-29 15:30:00	:AAPL	134.80	136.49	134.35	136.33	64556081.00
2021-06-30 15:30:00	:AAPL	136.17	137.41	135.87	136.96	63261393.00
2021-07-01 15:30:00	:AAPL	136.60	137.33	135.76	137.27	52485781.00
2021-07-02 15:30:00	:AAPL	137.90	140.00	137.75	139.96	78945572.00
2021-07-06 15:30:00	:AAPL	140.07	143.15	140.07	142.02	108181793.00
2021-07-07 15:30:00	:AAPL	143.53	144.89	142.66	144.57	104911589.00
2021-07-08 15:30:00	:AAPL	141.58	144.06	140.66	143.24	105575458.00
2021-07-09 15:30:00	:AAPL	142.75	145.65	142.65	145.11	99890800.00
2021-07-12 15:30:00	:AAPL	146.21	146.32	144.00	144.50	76299719.00
2021-07-13 15:30:00	:AAPL	144.03	147.46	143.63	145.64	100827099.00
2021-07-14 15:30:00	:AAPL	148.10	149.57	147.68	149.15	127050785.00
2021-07-15 15:30:00	:AAPL	149.24	150.00	147.09	148.48	106820297.00
2021-07-16 15:30:00	:AAPL	148.46	149.76	145.88	146.39	93251426.00
2021-07-19 15:30:00	:AAPL	143.75	144.07	141.67	142.45	121434571.00
2021-07-20 15:30:00	:AAPL	143.46	147.10	142.96	146.15	96350036.00
2021-07-21 15:30:00	:AAPL	145.53	146.13	144.63	145.40	74993460.00
2021-07-22 15:30:00	:AAPL	145.94	148.19	145.81	146.80	77338156.00
2021-07-23 15:30:00	:AAPL	147.55	148.72	146.92	148.56	71447416.00
2021-07-26 15:30:00	:AAPL	148.27	149.83	147.70	148.99	72434089.00
2021-07-27 15:30:00	:AAPL	149.12	149.21	145.55	146.77	104818578.00
2021-07-28 15:30:00	:AAPL	144.81	146.97	142.54	144.98	118931191.00
2021-07-29 15:30:00	:AAPL	144.69	146.55	144.58	145.64	56699475.00
2021-07-30 15:30:00	:AAPL	144.38	146.33	144.11	145.86	70440626.00
2021-08-02 15:30:00	:AAPL	146.36	146.95	145.25	145.52	62879961.00
2021-08-03 15:30:00	:AAPL	145.81	148.04	145.18	147.36	64786618.00
2021-08-04 15:30:00	:AAPL	147.27	147.79	146.28	146.95	56368271.00
2021-08-05 15:30:00	:AAPL	146.98	147.84	146.17	147.06	46397674.00
2021-08-06 15:30:00	:AAPL	146.35	147.11	145.63	146.14	54126813.00
2021-08-09 15:30:00	:AAPL	146.20	146.70	145.52	146.09	48908689.00
2021-08-10 15:30:00	:AAPL	146.44	147.71	145.30	145.60	69023081.00
2021-08-11 15:30:00	:AAPL	146.05	146.72	145.53	145.86	48493463.00
2021-08-12 15:30:00	:AAPL	146.19	149.05	145.84	148.89	73779113.00
2021-08-13 15:30:00	:AAPL	148.97	149.44	148.27	149.10	59375009.00
2021-08-16 15:30:00	:AAPL	148.53	151.19	146.47	151.12	103558782.00
2021-08-17 15:30:00	:AAPL	150.23	151.68	149.09	150.19	92229735.00
2021-08-18 15:30:00	:AAPL	149.80	150.72	146.15	146.36	86325990.00
2021-08-19 15:30:00	:AAPL	145.03	148.00	144.50	146.70	86960310.00
2021-08-20 15:30:00	:AAPL	147.44	148.50	146.78	148.19	60549630.00
2021-08-23 15:30:00	:AAPL	148.31	150.19	147.89	149.71	60131810.00
2021-08-24 15:30:00	:AAPL	149.45	150.86	149.15	149.62	48606428.00
2021-08-25 15:30:00	:AAPL	149.81	150.32	147.80	148.36	58991297.00
2021-08-26 15:30:00	:AAPL	148.35	149.12	147.51	147.54	48597195.00
2021-08-27 15:30:00	:AAPL	147.48	148.75	146.83	148.60	55802388.00
2021-08-30 15:30:00	:AAPL	149.00	153.49	148.61	153.12	90956723.00
2021-08-31 15:30:00	:AAPL	152.66	152.80	151.29	151.83	86453117.00
2021-09-01 15:30:00	:AAPL	152.83	154.98	152.34	152.51	80313711.00
2021-09-02 15:30:00	:AAPL	153.87	154.72	152.40	153.65	71171317.00
2021-09-03 15:30:00	:AAPL	153.76	154.63	153.09	154.30	57866066.00
2021-09-07 15:30:00	:AAPL	154.97	157.26	154.39	156.69	82278261.00
2021-09-08 15:30:00	:AAPL	156.98	157.04	153.97	155.11	74420207.00
2021-09-09 15:30:00	:AAPL	155.49	156.11	153.95	154.07	57305730.00
2021-09-10 15:30:00	:AAPL	155.00	155.48	148.70	148.97	140893235.00
2021-09-13 15:30:00	:AAPL	150.63	151.42	148.75	149.55	102404329.00
2021-09-14 15:30:00	:AAPL	150.35	151.07	146.91	148.12	109296295.00
2021-09-15 15:30:00	:AAPL	148.56	149.44	146.37	149.03	83281315.00
2021-09-16 15:30:00	:AAPL	148.44	148.97	147.22	148.79	68034149.00
2021-09-17 15:30:00	:AAPL	148.82	148.82	145.76	146.06	129868824.00
2021-09-20 15:30:00	:AAPL	143.80	144.84	141.27	142.94	123478863.00
2021-09-21 15:30:00	:AAPL	143.93	144.60	142.78	143.43	75833962.00
2021-09-22 15:30:00	:AAPL	144.45	146.43	143.70	145.85	76404341.00
2021-09-23 15:30:00	:AAPL	146.65	147.08	145.64	146.83	64838170.00
2021-09-24 15:30:00	:AAPL	145.66	147.47	145.56	146.92	53477869.00
2021-09-27 15:30:00	:AAPL	145.47	145.96	143.82	145.37	74150729.00
2021-09-28 15:30:00	:AAPL	143.25	144.75	141.69	141.91	108972340.00
2021-09-29 15:30:00	:AAPL	142.47	144.45	142.03	142.83	74602044.00
2021-09-30 15:30:00	:AAPL	143.66	144.38	141.28	141.50	89056664.00
2021-10-01 15:30:00	:AAPL	141.90	142.92	139.11	142.65	94639581.00
2021-10-04 15:30:00	:AAPL	141.76	142.21	138.27	139.14	98322008.00
2021-10-05 15:30:00	:AAPL	139.49	142.24	139.36	141.11	80861062.00
2021-10-06 15:30:00	:AAPL	139.47	142.15	138.37	142.00	83221119.00
2021-10-07 15:30:00	:AAPL	143.06	144.22	142.72	143.29	61732656.00
2021-10-08 15:30:00	:AAPL	144.03	144.18	142.56	142.90	58773155.00
2021-10-11 15:30:00	:AAPL	142.27	144.81	141.81	142.81	64452219.00
2021-10-12 15:30:00	:AAPL	143.23	143.25	141.04	141.51	73035859.00
2021-10-13 15:30:00	:AAPL	141.24	141.40	139.20	140.91	78762721.00
2021-10-14 15:30:00	:AAPL	142.11	143.88	141.51	143.76	69907100.00
2021-10-15 15:30:00	:AAPL	143.77	144.90	143.51	144.84	67940334.00
2021-10-18 15:30:00	:AAPL	143.44	146.84	143.16	146.55	85589175.00
2021-10-19 15:30:00	:AAPL	147.01	149.17	146.55	148.76	76378894.00
2021-10-20 15:30:00	:AAPL	148.70	149.75	148.12	149.26	58418788.00
2021-10-21 15:30:00	:AAPL	148.81	149.64	147.87	149.48	61420990.00
2021-10-22 15:30:00	:AAPL	149.69	150.18	148.64	148.69	58883443.00
2021-10-25 15:30:00	:AAPL	148.68	149.37	147.62	148.64	50720556.00
2021-10-26 15:30:00	:AAPL	149.33	150.84	149.01	149.32	60893395.00
2021-10-27 15:30:00	:AAPL	149.36	149.73	148.49	148.85	56094929.00
2021-10-28 15:30:00	:AAPL	149.82	153.16	149.72	152.57	100077888.00
2021-10-29 15:30:00	:AAPL	147.22	149.94	146.41	149.80	124953168.00
2021-11-01 14:30:00	:AAPL	148.99	149.70	147.80	148.96	74588258.00
2021-11-02 14:30:00	:AAPL	148.66	151.57	148.65	150.02	69121987.00
2021-11-03 14:30:00	:AAPL	150.39	151.97	149.82	151.49	54511534.00
2021-11-04 14:30:00	:AAPL	151.58	152.43	150.64	150.96	60394616.00
2021-11-05 14:30:00	:AAPL	151.89	152.20	150.06	151.28	65463883.00
2021-11-08 15:30:00	:AAPL	151.41	151.57	150.16	150.44	55020868.00
2021-11-09 15:30:00	:AAPL	150.20	151.43	150.06	150.81	56787930.00
2021-11-10 15:30:00	:AAPL	150.02	150.13	147.85	147.92	65187092.00
2021-11-11 15:30:00	:AAPL	148.96	149.43	147.68	147.87	40999950.00
2021-11-12 15:30:00	:AAPL	148.43	150.40	147.48	149.99	63804008.00
2021-11-15 15:30:00	:AAPL	150.37	151.88	149.43	150.00	59222803.00
2021-11-16 15:30:00	:AAPL	149.94	151.49	149.34	151.00	59256210.00
2021-11-17 15:30:00	:AAPL	151.00	155.00	150.99	153.49	88807000.00
2021-11-18 15:30:00	:AAPL	153.71	158.67	153.05	157.87	137827673.00
2021-11-19 15:30:00	:AAPL	157.65	161.02	156.53	160.55	117305597.00
2021-11-22 15:30:00	:AAPL	161.68	165.70	161.00	161.02	117467889.00
2021-11-23 15:30:00	:AAPL	161.12	161.80	159.06	161.41	96041899.00
2021-11-24 15:30:00	:AAPL	160.75	162.14	159.64	161.94	69463623.00
2021-11-26 15:30:00	:AAPL	159.56	160.45	156.36	156.81	76959752.00
2021-11-29 15:30:00	:AAPL	159.37	161.19	158.79	160.24	88748217.00
2021-11-30 15:30:00	:AAPL	159.99	165.52	159.92	165.30	174048056.00
2021-12-01 15:30:00	:AAPL	167.48	170.30	164.53	164.77	152423003.00
2021-12-02 15:30:00	:AAPL	158.74	164.20	157.80	163.76	136739174.00
2021-12-03 15:30:00	:AAPL	164.02	164.96	159.72	161.84	118023116.00
2021-12-06 15:30:00	:AAPL	164.29	167.88	164.28	165.32	107496982.00
2021-12-07 15:30:00	:AAPL	169.08	171.58	168.34	171.18	120405352.00
2021-12-08 15:30:00	:AAPL	172.12	175.96	170.70	175.08	116998901.00
2021-12-09 15:30:00	:AAPL	174.91	176.75	173.92	174.56	108923739.00
2021-12-10 15:30:00	:AAPL	175.21	179.63	174.69	179.45	115402731.00
2021-12-13 15:30:00	:AAPL	181.12	182.13	175.53	175.74	153237019.00
2021-12-14 15:30:00	:AAPL	175.25	177.74	172.21	174.33	139380382.00
2021-12-15 15:30:00	:AAPL	175.11	179.50	172.31	179.30	131063257.00
2021-12-16 15:30:00	:AAPL	179.28	181.14	170.75	172.26	150185843.00
2021-12-17 15:30:00	:AAPL	169.93	173.47	169.69	171.14	195923441.00
2021-12-20 15:30:00	:AAPL	168.28	170.58	167.46	169.75	107499114.00
2021-12-21 15:30:00	:AAPL	171.56	173.20	169.12	172.99	91185905.00
2021-12-22 15:30:00	:AAPL	173.04	175.86	172.15	175.64	92135303.00
2021-12-23 15:30:00	:AAPL	175.85	176.85	175.27	176.28	68356567.00
2021-12-27 15:30:00	:AAPL	177.09	180.42	177.07	180.33	74919582.00
2021-12-28 15:30:00	:AAPL	180.16	181.33	178.53	179.29	79144339.00
2021-12-29 15:30:00	:AAPL	179.33	180.63	178.14	179.38	62348931.00
2021-12-30 15:30:00	:AAPL	179.47	180.57	178.09	178.20	59773014.00
2021-12-31 15:30:00	:AAPL	178.09	179.23	177.26	177.57	64062261.00
2022-01-03 15:30:00	:AAPL	177.83	182.88	177.71	182.01	104701220.00
2022-01-04 15:30:00	:AAPL	182.63	182.94	179.12	179.70	99310438.00
2022-01-05 15:30:00	:AAPL	179.61	180.17	174.64	174.92	94537602.00
2022-01-06 15:30:00	:AAPL	172.70	175.30	171.64	172.00	96903955.00
2022-01-07 15:30:00	:AAPL	172.89	174.14	171.03	172.17	86709147.00
2022-01-10 15:30:00	:AAPL	169.08	172.50	168.17	172.19	106765552.00
2022-01-11 15:30:00	:AAPL	172.32	175.18	170.82	175.08	76138312.00
2022-01-12 15:30:00	:AAPL	176.12	177.18	174.82	175.53	74805173.00
2022-01-13 15:30:00	:AAPL	175.78	176.62	171.79	172.19	84505760.00
2022-01-14 15:30:00	:AAPL	171.34	173.78	171.09	173.07	80440780.00
2022-01-18 15:30:00	:AAPL	171.51	172.54	169.41	169.80	91168729.00
2022-01-19 15:30:00	:AAPL	170.00	171.08	165.94	166.23	94814990.00
2022-01-20 15:30:00	:AAPL	166.98	169.68	164.18	164.51	91420515.00
2022-01-21 15:30:00	:AAPL	164.41	166.33	162.30	162.41	122848858.00
2022-01-24 15:30:00	:AAPL	160.02	162.30	154.70	161.62	162706686.00
2022-01-25 15:30:00	:AAPL	158.98	162.76	157.02	159.78	115798367.00
2022-01-26 15:30:00	:AAPL	163.50	164.39	157.82	159.69	108275308.00
2022-01-27 15:30:00	:AAPL	162.45	163.84	158.28	159.22	121954638.00
2022-01-28 15:30:00	:AAPL	165.71	170.35	162.80	170.33	179935660.00
2022-01-31 15:30:00	:AAPL	170.16	175.00	169.51	174.78	115541590.00
2022-02-01 15:30:00	:AAPL	174.01	174.84	172.31	174.61	86213911.00
2022-02-02 15:30:00	:AAPL	174.75	175.88	173.33	175.84	84914256.00
2022-02-03 15:30:00	:AAPL	174.48	176.24	172.12	172.90	89418074.00
2022-02-04 15:30:00	:AAPL	171.68	174.10	170.68	172.39	82465400.00
2022-02-07 15:30:00	:AAPL	172.86	173.95	170.95	171.66	77251204.00
2022-02-08 15:30:00	:AAPL	171.73	175.35	171.43	174.83	74829217.00
2022-02-09 15:30:00	:AAPL	176.05	176.65	174.90	176.28	71285038.00
2022-02-10 15:30:00	:AAPL	174.14	175.48	171.55	172.12	90865899.00
2022-02-11 15:30:00	:AAPL	172.33	173.08	168.04	168.64	98670687.00
2022-02-14 15:30:00	:AAPL	167.37	169.58	166.56	168.88	86185530.00
2022-02-15 15:30:00	:AAPL	170.97	172.95	170.25	172.79	64286320.00
2022-02-16 15:30:00	:AAPL	171.85	173.34	170.05	172.55	61177398.00
2022-02-17 15:30:00	:AAPL	171.03	171.91	168.47	168.88	69589344.00
2022-02-18 15:30:00	:AAPL	169.82	170.54	166.19	167.30	82772674.00
2022-02-22 15:30:00	:AAPL	164.98	166.69	162.15	164.32	91162758.00
2022-02-23 15:30:00	:AAPL	165.54	166.15	159.75	160.07	90009247.00
2022-02-24 15:30:00	:AAPL	152.58	162.85	152.00	162.74	141147540.00
2022-02-25 15:30:00	:AAPL	163.84	165.12	160.87	164.85	91974222.00
2022-02-28 15:30:00	:AAPL	163.06	165.42	162.43	165.12	95056629.00
2022-03-01 15:30:00	:AAPL	164.69	166.60	161.97	163.20	83474425.00
2022-03-02 15:30:00	:AAPL	164.39	167.36	162.95	166.56	79724750.00
2022-03-03 15:30:00	:AAPL	168.47	168.91	165.55	166.23	76678441.00
2022-03-04 15:30:00	:AAPL	164.49	165.55	162.10	163.17	83819592.00
2022-03-07 15:30:00	:AAPL	163.36	165.02	159.04	159.30	96418845.00
2022-03-08 15:30:00	:AAPL	158.82	162.88	155.80	157.44	131148280.00
2022-03-09 15:30:00	:AAPL	161.47	163.41	159.41	162.95	91454905.00
2022-03-10 15:30:00	:AAPL	160.20	160.39	155.98	158.52	105342033.00
2022-03-11 15:30:00	:AAPL	158.93	159.28	154.50	154.73	96970102.00
2022-03-14 14:30:00	:AAPL	151.45	154.12	150.10	150.62	108732111.00
2022-03-15 14:30:00	:AAPL	150.90	155.57	150.38	155.09	92964302.00
2022-03-16 14:30:00	:AAPL	157.05	160.00	154.46	159.59	102300157.00
2022-03-17 14:30:00	:AAPL	158.61	161.00	157.63	160.62	75615376.00
2022-03-18 14:30:00	:AAPL	160.51	164.48	159.76	163.98	123511692.00
2022-03-21 14:30:00	:AAPL	163.51	166.35	163.01	165.38	95811352.00
2022-03-22 14:30:00	:AAPL	165.51	169.42	164.91	168.82	81532007.00
2022-03-23 14:30:00	:AAPL	167.99	172.64	167.65	170.21	98062674.00
2022-03-24 14:30:00	:AAPL	171.06	174.14	170.21	174.07	90131418.00
2022-03-25 14:30:00	:AAPL	173.88	175.28	172.75	174.72	80546156.00
2022-03-28 15:30:00	:AAPL	172.17	175.73	172.00	175.60	90371916.00
2022-03-29 15:30:00	:AAPL	176.69	179.01	176.34	178.96	100589440.00
2022-03-30 15:30:00	:AAPL	178.55	179.61	176.70	177.77	92633154.00
2022-03-31 15:30:00	:AAPL	177.84	178.03	174.40	174.61	103049285.00
2022-04-01 15:30:00	:AAPL	174.03	174.88	171.94	174.31	78751328.00
2022-04-04 15:30:00	:AAPL	174.57	178.49	174.44	178.44	76545983.00
2022-04-05 15:30:00	:AAPL	177.50	178.30	174.41	175.06	73401786.00
2022-04-06 15:30:00	:AAPL	172.36	173.63	170.13	171.83	89058782.00
2022-04-07 15:30:00	:AAPL	171.16	173.36	169.85	172.14	77594650.00
2022-04-08 15:30:00	:AAPL	171.78	171.78	169.20	170.09	76575508.00
2022-04-11 15:30:00	:AAPL	168.71	169.03	165.50	165.75	72246706.00
2022-04-12 15:30:00	:AAPL	168.02	169.87	166.64	167.66	79265181.00
2022-04-13 15:30:00	:AAPL	167.39	171.04	166.77	170.40	70618925.00
2022-04-14 15:30:00	:AAPL	170.62	171.27	165.04	165.29	75329376.00
2022-04-18 15:30:00	:AAPL	163.92	166.60	163.57	165.07	69023941.00
2022-04-19 15:30:00	:AAPL	165.02	167.82	163.91	167.40	67723833.00
2022-04-20 15:30:00	:AAPL	168.76	168.88	166.10	167.23	67929814.00
2022-04-21 15:30:00	:AAPL	168.91	171.53	165.91	166.42	87227768.00
2022-04-22 15:30:00	:AAPL	166.46	167.87	161.50	161.79	84882424.00
2022-04-25 15:30:00	:AAPL	161.12	163.17	158.46	162.88	96046376.00
2022-04-26 15:30:00	:AAPL	162.25	162.34	156.72	156.80	95623240.00
2022-04-27 15:30:00	:AAPL	155.91	159.79	155.38	156.57	88063191.00
2022-04-28 15:30:00	:AAPL	159.25	164.51	158.93	163.64	130216792.00
2022-04-29 15:30:00	:AAPL	161.84	166.20	157.25	157.65	131747571.00
2022-05-02 15:30:00	:AAPL	156.71	158.23	153.27	157.96	123055265.00
2022-05-03 15:30:00	:AAPL	158.15	160.71	156.32	159.48	88966526.00
2022-05-04 15:30:00	:AAPL	159.67	166.48	159.26	166.02	108256503.00
2022-05-05 15:30:00	:AAPL	163.85	164.08	154.95	156.77	130525275.00
2022-05-06 15:30:00	:AAPL	156.01	159.44	154.18	157.28	116124647.00
2022-05-09 15:30:00	:AAPL	154.93	155.83	151.49	152.06	131577921.00
2022-05-10 15:30:00	:AAPL	155.52	156.74	152.93	154.51	115366736.00
2022-05-11 15:30:00	:AAPL	153.50	155.45	145.81	146.50	142689825.00
2022-05-12 15:30:00	:AAPL	142.77	146.20	138.80	142.56	182602041.00
2022-05-13 15:30:00	:AAPL	144.59	148.10	143.11	147.11	113990852.00
2022-05-16 15:30:00	:AAPL	145.55	147.52	144.18	145.54	86643781.00
2022-05-17 15:30:00	:AAPL	148.86	149.77	146.68	149.24	78336254.00
2022-05-18 15:30:00	:AAPL	146.85	147.36	139.90	140.82	109742890.00
2022-05-19 15:30:00	:AAPL	139.88	141.66	136.60	137.35	136095640.00
2022-05-20 15:30:00	:AAPL	139.09	140.70	132.61	137.59	137426125.00
2022-05-23 15:30:00	:AAPL	137.79	143.26	137.65	143.11	117726265.00
2022-05-24 15:30:00	:AAPL	140.81	141.97	137.33	140.36	104132746.00
2022-05-25 15:30:00	:AAPL	138.43	141.78	138.34	140.52	92482696.00
2022-05-26 15:30:00	:AAPL	137.39	144.34	137.14	143.78	90601548.00
2022-05-27 15:30:00	:AAPL	145.39	149.68	145.26	149.64	90978503.00
2022-05-31 15:30:00	:AAPL	149.07	150.66	146.84	148.84	103718416.00
2022-06-01 15:30:00	:AAPL	149.90	151.74	147.68	148.71	74286635.00
2022-06-02 15:30:00	:AAPL	147.83	151.27	146.86	151.21	72348055.00
2022-06-03 15:30:00	:AAPL	146.90	147.97	144.46	145.38	88570289.00
2022-06-06 15:30:00	:AAPL	147.03	148.57	144.90	146.14	71598380.00
2022-06-07 15:30:00	:AAPL	144.34	149.00	144.10	148.71	67808150.00
2022-06-08 15:30:00	:AAPL	148.58	149.87	147.46	147.96	53950201.00
2022-06-09 15:30:00	:AAPL	147.08	147.95	142.53	142.64	69472976.00
2022-06-10 15:30:00	:AAPL	140.28	140.76	137.06	137.13	91566637.00
2022-06-13 15:30:00	:AAPL	132.87	135.20	131.44	131.88	122207099.00
2022-06-14 15:30:00	:AAPL	133.13	133.89	131.48	132.76	84784326.00
2022-06-15 15:30:00	:AAPL	134.29	137.34	132.16	135.43	91532972.00
2022-06-16 15:30:00	:AAPL	132.08	132.39	129.04	130.06	107961508.00
2022-06-17 15:30:00	:AAPL	130.06	133.08	129.81	131.56	134520290.00
2022-06-21 15:30:00	:AAPL	133.42	137.06	133.32	135.87	81000488.00
2022-06-22 15:30:00	:AAPL	134.79	137.76	133.91	135.35	73409234.00
2022-06-23 15:30:00	:AAPL	136.82	138.59	135.63	138.27	72433768.00
2022-06-24 15:30:00	:AAPL	139.90	141.91	139.77	141.66	89116837.00
2022-06-27 15:30:00	:AAPL	142.69	143.49	140.97	141.66	70207908.00
2022-06-28 15:30:00	:AAPL	142.13	143.42	137.32	137.44	67315328.00
2022-06-29 15:30:00	:AAPL	137.46	140.67	136.67	139.23	66242411.00
2022-06-30 15:30:00	:AAPL	137.25	138.37	133.77	136.72	98964467.00
2022-07-01 15:30:00	:AAPL	136.04	139.04	135.66	138.93	71051552.00
2022-07-05 15:30:00	:AAPL	137.77	141.61	136.93	141.56	73429641.00
2022-07-06 15:30:00	:AAPL	141.35	144.12	141.08	142.92	74064254.00
2022-07-07 15:30:00	:AAPL	143.29	146.55	143.28	146.35	66253709.00
2022-07-08 15:30:00	:AAPL	145.26	147.55	145.00	147.04	64547798.00
2022-07-11 15:30:00	:AAPL	145.67	146.64	143.78	144.87	63305113.00
2022-07-12 15:30:00	:AAPL	145.76	148.45	145.05	145.86	77588759.00
2022-07-13 15:30:00	:AAPL	142.99	146.45	142.12	145.49	71185560.00
2022-07-14 15:30:00	:AAPL	144.08	148.95	143.25	148.47	78140744.00
2022-07-15 15:30:00	:AAPL	149.78	150.86	148.20	150.17	76259931.00
2022-07-18 15:30:00	:AAPL	150.74	151.57	146.70	147.07	81420868.00
2022-07-19 15:30:00	:AAPL	147.92	151.23	146.91	151.00	82982367.00
2022-07-20 15:30:00	:AAPL	151.12	153.72	150.37	153.04	64823413.00
2022-07-21 15:30:00	:AAPL	154.50	155.57	151.94	155.35	65086636.00
2022-07-22 15:30:00	:AAPL	155.39	156.28	153.41	154.09	66675408.00
2022-07-25 15:30:00	:AAPL	154.01	155.04	152.28	152.95	53623945.00
2022-07-26 15:30:00	:AAPL	152.26	153.09	150.80	151.60	55138691.00
2022-07-27 15:30:00	:AAPL	152.58	157.33	152.16	156.79	78620688.00
2022-07-28 15:30:00	:AAPL	156.98	157.64	154.41	157.35	81378731.00
2022-07-29 15:30:00	:AAPL	161.24	163.63	159.50	162.51	101786860.00
2022-08-01 15:30:00	:AAPL	161.01	163.59	160.89	161.51	67829379.00
2022-08-02 15:30:00	:AAPL	160.10	162.41	159.63	160.01	59907025.00
2022-08-03 15:30:00	:AAPL	160.84	166.59	160.75	166.13	82507488.00
2022-08-04 15:30:00	:AAPL	166.00	167.19	164.43	165.81	55474144.00
2022-08-05 15:30:00	:AAPL	163.21	165.85	163.00	165.35	56696985.00
2022-08-08 15:30:00	:AAPL	166.37	167.81	164.20	164.87	60362338.00
2022-08-09 15:30:00	:AAPL	164.02	165.82	163.25	164.92	63135503.00
2022-08-10 15:30:00	:AAPL	167.68	169.34	166.90	169.24	70170540.00
2022-08-11 15:30:00	:AAPL	170.06	170.99	168.19	168.49	57149159.00
2022-08-12 15:30:00	:AAPL	169.82	172.17	169.40	172.10	68039382.00
2022-08-15 15:30:00	:AAPL	171.52	173.39	171.34	173.19	54091694.00
2022-08-16 15:30:00	:AAPL	172.78	173.71	171.66	173.03	56377050.00
2022-08-17 15:30:00	:AAPL	172.77	176.15	172.57	174.55	79542037.00
2022-08-18 15:30:00	:AAPL	173.75	174.90	173.12	174.15	62290075.00
2022-08-19 15:30:00	:AAPL	173.03	173.74	171.31	171.52	70346295.00
2022-08-22 15:30:00	:AAPL	169.69	169.86	167.13	167.57	69026809.00
2022-08-23 15:30:00	:AAPL	167.08	168.71	166.65	167.23	54147079.00
2022-08-24 15:30:00	:AAPL	167.32	168.11	166.25	167.53	53841524.00
2022-08-25 15:30:00	:AAPL	168.78	170.14	168.35	170.03	51218209.00
2022-08-26 15:30:00	:AAPL	170.57	171.05	163.56	163.62	78960980.00
2022-08-29 15:30:00	:AAPL	161.15	162.90	159.82	161.38	73313953.00
2022-08-30 15:30:00	:AAPL	162.13	162.56	157.72	158.91	77906197.00
2022-08-31 15:30:00	:AAPL	160.31	160.58	157.14	157.22	87991091.00
2022-09-01 15:30:00	:AAPL	156.64	158.42	154.67	157.96	74229896.00
2022-09-02 15:30:00	:AAPL	159.75	160.36	154.97	155.81	76957768.00
2022-09-06 15:30:00	:AAPL	156.47	157.09	153.69	154.53	73714843.00
2022-09-07 15:30:00	:AAPL	154.82	156.67	153.61	155.96	87449574.00
2022-09-08 15:30:00	:AAPL	154.64	156.36	152.68	154.46	84923847.00
2022-09-09 15:30:00	:AAPL	155.47	157.82	154.75	157.37	68081006.00
2022-09-12 15:30:00	:AAPL	159.59	164.26	159.30	163.43	104955962.00
2022-09-13 15:30:00	:AAPL	159.90	160.54	153.37	153.84	122656614.00
2022-09-14 15:30:00	:AAPL	154.78	157.10	153.61	155.31	87965409.00
2022-09-15 15:30:00	:AAPL	154.65	155.24	151.38	152.37	90481110.00
2022-09-16 15:30:00	:AAPL	151.21	151.35	148.37	150.70	162278841.00
2022-09-19 15:30:00	:AAPL	149.31	154.56	149.10	154.48	81474246.00
2022-09-20 15:30:00	:AAPL	153.40	158.08	153.08	156.90	107689796.00
2022-09-21 15:30:00	:AAPL	157.34	158.74	153.60	153.72	101696790.00
2022-09-22 15:30:00	:AAPL	152.38	154.47	150.91	152.74	86652542.00
2022-09-23 15:30:00	:AAPL	151.19	151.47	148.56	150.43	96029909.00
2022-09-26 15:30:00	:AAPL	149.66	153.77	149.64	150.77	93339409.00
2022-09-27 15:30:00	:AAPL	152.74	154.72	149.94	151.76	84442741.00
2022-09-28 15:30:00	:AAPL	147.64	150.64	144.84	149.84	146691387.00
2022-09-29 15:30:00	:AAPL	146.10	146.72	140.68	142.48	128138237.00
2022-09-30 15:30:00	:AAPL	141.28	143.10	138.00	138.20	124925274.00
2022-10-03 15:30:00	:AAPL	138.21	143.07	137.69	142.45	114311663.00
2022-10-04 15:30:00	:AAPL	145.03	146.22	144.26	146.10	87830064.00
2022-10-05 15:30:00	:AAPL	144.07	147.38	143.01	146.40	79470968.00
2022-10-06 15:30:00	:AAPL	145.81	147.54	145.22	145.43	68402169.00
2022-10-07 15:30:00	:AAPL	142.54	143.10	139.44	140.09	85925559.00
2022-10-10 15:30:00	:AAPL	140.42	141.89	138.57	140.42	74899002.00
2022-10-11 15:30:00	:AAPL	139.90	141.35	138.22	138.98	77033672.00
2022-10-12 15:30:00	:AAPL	139.13	140.36	138.16	138.34	70433744.00
2022-10-13 15:30:00	:AAPL	134.99	143.59	134.37	142.99	113223975.00
2022-10-14 15:30:00	:AAPL	144.31	144.52	138.19	138.38	88597969.00
2022-10-17 15:30:00	:AAPL	141.06	142.90	140.27	142.41	85250939.00
2022-10-18 15:30:00	:AAPL	145.49	146.70	140.61	143.75	99136610.00
2022-10-19 15:30:00	:AAPL	141.69	144.95	141.50	143.86	61758340.00
2022-10-20 15:30:00	:AAPL	143.02	145.89	142.65	143.39	64521989.00
2022-10-21 15:30:00	:AAPL	142.87	147.85	142.65	147.27	86548609.00
2022-10-24 15:30:00	:AAPL	147.19	150.23	146.00	149.45	75981918.00
2022-10-25 15:30:00	:AAPL	150.09	152.49	149.36	152.34	74732290.00
2022-10-26 15:30:00	:AAPL	150.96	151.99	148.04	149.35	88436172.00
2022-10-27 15:30:00	:AAPL	148.07	149.05	144.13	144.80	109180150.00
2022-10-28 15:30:00	:AAPL	148.20	157.50	147.82	155.74	164762371.00
2022-10-31 14:30:00	:AAPL	153.16	154.24	151.92	153.34	97943171.00
2022-11-01 14:30:00	:AAPL	155.08	155.45	149.13	150.65	80379345.00
2022-11-02 14:30:00	:AAPL	148.94	152.17	145.00	145.03	93604623.00
2022-11-03 14:30:00	:AAPL	142.06	142.80	138.75	138.88	97918516.00
2022-11-04 14:30:00	:AAPL	142.09	142.67	134.38	138.38	140814796.00
2022-11-07 15:30:00	:AAPL	137.11	139.15	135.67	138.92	83374628.00
2022-11-08 15:30:00	:AAPL	140.41	141.43	137.49	139.50	89908477.00
2022-11-09 15:30:00	:AAPL	138.50	138.55	134.59	134.87	74917794.00
2022-11-10 15:30:00	:AAPL	141.24	146.87	139.50	146.87	118854028.00
2022-11-11 15:30:00	:AAPL	145.82	150.01	144.37	149.70	93979665.00
2022-11-14 15:30:00	:AAPL	148.97	150.28	147.43	148.28	73374114.00
2022-11-15 15:30:00	:AAPL	152.22	153.59	148.56	150.04	89868332.00
2022-11-16 15:30:00	:AAPL	149.13	149.87	147.29	148.79	64218266.00
2022-11-17 15:30:00	:AAPL	146.43	151.48	146.15	150.72	80389400.00
2022-11-18 15:30:00	:AAPL	152.31	152.70	149.97	151.29	74829573.00
2022-11-21 15:30:00	:AAPL	150.16	150.37	147.72	148.01	58724070.00
2022-11-22 15:30:00	:AAPL	148.13	150.42	146.93	150.18	51804132.00
2022-11-23 15:30:00	:AAPL	149.45	151.83	149.34	151.07	58301395.00
2022-11-25 15:30:00	:AAPL	148.31	148.88	147.12	148.11	35195860.00
2022-11-28 15:30:00	:AAPL	145.14	146.64	143.38	144.22	69346522.00
2022-11-29 15:30:00	:AAPL	144.29	144.81	140.35	141.17	83763803.00
2022-11-30 15:30:00	:AAPL	141.40	148.72	140.55	148.03	111380880.00
2022-12-01 15:30:00	:AAPL	148.21	149.13	146.61	148.31	71250416.00
2022-12-02 15:30:00	:AAPL	145.96	148.00	145.65	147.81	65447446.00
2022-12-05 15:30:00	:AAPL	147.77	150.92	145.77	146.63	68826442.00
2022-12-06 15:30:00	:AAPL	147.07	147.30	141.92	142.91	64727186.00
2022-12-07 15:30:00	:AAPL	142.19	143.37	140.00	140.94	69721094.00
2022-12-08 15:30:00	:AAPL	142.36	143.52	141.10	142.65	62128338.00
2022-12-09 15:30:00	:AAPL	142.34	145.57	140.90	142.16	76097011.00
2022-12-12 15:30:00	:AAPL	142.70	144.50	141.06	144.49	70462654.00
2022-12-13 15:30:00	:AAPL	149.50	149.97	144.24	145.47	93886161.00
2022-12-14 15:30:00	:AAPL	145.35	146.66	141.16	143.21	82291182.00
2022-12-15 15:30:00	:AAPL	141.11	141.80	136.03	136.50	98931907.00
2022-12-16 15:30:00	:AAPL	136.69	137.65	133.73	134.51	160156900.00
2022-12-19 15:30:00	:AAPL	135.11	135.20	131.32	132.37	79592614.00
2022-12-20 15:30:00	:AAPL	131.39	133.25	129.89	132.30	77432819.00
2022-12-21 15:30:00	:AAPL	132.98	136.81	132.75	135.45	85927993.00
2022-12-22 15:30:00	:AAPL	134.35	134.56	130.30	132.23	77852108.00
2022-12-23 15:30:00	:AAPL	130.92	132.41	129.64	131.86	63814893.00
2022-12-27 15:30:00	:AAPL	131.38	131.41	128.72	130.03	69007830.00
2022-12-28 15:30:00	:AAPL	129.67	131.03	125.87	126.04	85438391.00
2022-12-29 15:30:00	:AAPL	127.99	130.48	127.73	129.61	75703710.00
2022-12-30 15:30:00	:AAPL	128.41	129.95	127.43	129.93	77034209.00
2023-01-03 15:30:00	:AAPL	130.28	130.90	124.17	125.07	112117471.00
2023-01-04 15:30:00	:AAPL	126.89	128.66	125.08	126.36	89113633.00
2023-01-05 15:30:00	:AAPL	127.13	127.77	124.76	125.02	80962708.00
2023-01-06 15:30:00	:AAPL	126.01	130.29	124.89	129.62	87754715.00
2023-01-09 15:30:00	:AAPL	130.47	133.41	129.89	130.15	70790813.00
2023-01-10 15:30:00	:AAPL	130.26	131.26	128.12	130.73	63896155.00
2023-01-11 15:30:00	:AAPL	131.25	133.51	130.46	133.49	69458949.00
2023-01-12 15:30:00	:AAPL	133.88	134.26	131.44	133.41	71379648.00
2023-01-13 15:30:00	:AAPL	132.03	134.92	131.66	134.76	57809719.00
2023-01-17 15:30:00	:AAPL	134.83	137.29	134.13	135.94	63646627.00
2023-01-18 15:30:00	:AAPL	136.81	138.61	135.03	135.21	69672800.00
2023-01-19 15:30:00	:AAPL	134.08	136.25	133.77	135.27	58280413.00
2023-01-20 15:30:00	:AAPL	135.28	138.02	134.22	137.87	80223626.00
2023-01-23 15:30:00	:AAPL	138.12	143.31	137.90	141.11	81760313.00
2023-01-24 15:30:00	:AAPL	140.31	143.16	140.30	142.53	66435142.00
2023-01-25 15:30:00	:AAPL	140.89	142.43	138.81	141.86	65799349.00
2023-01-26 15:30:00	:AAPL	143.17	144.25	141.90	143.96	54105068.00
2023-01-27 15:30:00	:AAPL	143.16	147.23	143.08	145.93	70555843.00
2023-01-30 15:30:00	:AAPL	144.96	145.55	142.85	143.00	64015274.00
2023-01-31 15:30:00	:AAPL	142.70	144.34	142.28	144.29	65874459.00
2023-02-01 15:30:00	:AAPL	143.97	146.61	141.32	145.43	77663633.00
2023-02-02 15:30:00	:AAPL	148.90	151.18	148.17	150.82	118338980.00
2023-02-03 15:30:00	:AAPL	148.03	157.38	147.83	154.50	154357337.00
2023-02-06 15:30:00	:AAPL	152.57	153.10	150.78	151.73	69858306.00
2023-02-07 15:30:00	:AAPL	150.64	155.23	150.64	154.65	83322551.00
2023-02-08 15:30:00	:AAPL	153.88	154.58	151.17	151.92	64120079.00
2023-02-09 15:30:00	:AAPL	153.78	154.33	150.42	150.87	56007143.00
2023-02-10 15:30:00	:AAPL	149.46	151.34	149.22	151.01	57450708.00
2023-02-13 15:30:00	:AAPL	150.95	154.26	150.92	153.85	62199013.00
2023-02-14 15:30:00	:AAPL	152.12	153.77	150.86	153.20	61707573.00
2023-02-15 15:30:00	:AAPL	153.11	155.50	152.88	155.33	65669252.00
2023-02-16 15:30:00	:AAPL	153.51	156.33	153.35	153.71	68167942.00
2023-02-17 15:30:00	:AAPL	152.35	153.00	150.85	152.55	59144118.00
2023-02-21 15:30:00	:AAPL	150.20	151.30	148.41	148.48	58867230.00
2023-02-22 15:30:00	:AAPL	148.87	149.95	147.16	148.91	51011305.00
2023-02-23 15:30:00	:AAPL	150.09	150.34	147.24	149.40	48394249.00
2023-02-24 15:30:00	:AAPL	147.11	147.19	145.72	146.71	55469606.00
2023-02-27 15:30:00	:AAPL	147.71	149.17	147.45	147.92	44998470.00
2023-02-28 15:30:00	:AAPL	147.05	149.08	146.83	147.41	50546998.00
2023-03-01 15:30:00	:AAPL	146.83	147.23	145.01	145.31	55478991.00
2023-03-02 15:30:00	:AAPL	144.38	146.71	143.90	145.91	52279761.00
2023-03-03 15:30:00	:AAPL	148.04	151.11	147.33	151.03	70732297.00
2023-03-06 15:30:00	:AAPL	153.78	156.30	153.46	153.83	87558028.00
2023-03-07 15:30:00	:AAPL	153.70	154.03	151.13	151.60	56182028.00
2023-03-08 15:30:00	:AAPL	152.81	153.47	151.83	152.87	47204791.00
2023-03-09 15:30:00	:AAPL	153.56	154.53	150.22	150.59	53833582.00
2023-03-10 15:30:00	:AAPL	150.21	150.94	147.61	148.50	68572400.00
2023-03-13 14:30:00	:AAPL	147.81	153.14	147.70	150.47	84457122.00
2023-03-14 14:30:00	:AAPL	151.28	153.40	150.10	152.59	73695893.00
2023-03-15 14:30:00	:AAPL	151.19	153.25	149.92	152.99	77167866.00
2023-03-16 14:30:00	:AAPL	152.16	156.46	151.64	155.85	76254419.00
2023-03-17 14:30:00	:AAPL	156.08	156.74	154.28	155.00	98944633.00
2023-03-20 14:30:00	:AAPL	155.07	157.82	154.15	157.40	73641415.00
2023-03-21 14:30:00	:AAPL	157.32	159.40	156.54	159.28	73938285.00
2023-03-22 14:30:00	:AAPL	159.30	162.14	157.81	157.83	75701811.00
2023-03-23 14:30:00	:AAPL	158.83	161.55	157.68	158.93	67622060.00
2023-03-24 14:30:00	:AAPL	158.86	160.34	157.85	160.25	59256343.00
2023-03-27 15:30:00	:AAPL	159.94	160.77	157.87	158.28	52390266.00
2023-03-28 15:30:00	:AAPL	157.97	158.49	155.98	157.65	45992152.00
2023-03-29 15:30:00	:AAPL	159.37	161.05	159.35	160.77	51305691.00
2023-03-30 15:30:00	:AAPL	161.53	162.47	161.27	162.36	49501689.00
2023-03-31 15:30:00	:AAPL	162.44	165.00	161.91	164.90	68749792.00
2023-04-03 15:30:00	:AAPL	164.27	166.29	164.22	166.17	56976187.00
2023-04-04 15:30:00	:AAPL	166.59	166.84	165.11	165.63	46278295.00
2023-04-05 15:30:00	:AAPL	164.74	165.05	161.80	163.76	51511744.00
2023-04-06 15:30:00	:AAPL	162.43	164.96	162.00	164.66	45390123.00
2023-04-10 15:30:00	:AAPL	161.42	162.03	160.08	162.03	47716882.00
2023-04-11 15:30:00	:AAPL	162.35	162.36	160.51	160.80	47644217.00
2023-04-12 15:30:00	:AAPL	161.22	162.06	159.78	160.10	50133062.00
2023-04-13 15:30:00	:AAPL	161.63	165.80	161.42	165.56	68445649.00
2023-04-14 15:30:00	:AAPL	164.59	166.32	163.82	165.21	49386480.00
2023-04-17 15:30:00	:AAPL	165.09	165.39	164.03	165.23	41516217.00
2023-04-18 15:30:00	:AAPL	166.10	167.41	165.65	166.47	49923008.00
2023-04-19 15:30:00	:AAPL	165.80	168.16	165.54	167.63	47720166.00
2023-04-20 15:30:00	:AAPL	166.09	167.87	165.56	166.65	52456377.00
2023-04-21 15:30:00	:AAPL	165.05	166.45	164.49	165.02	58337341.00
2023-04-24 15:30:00	:AAPL	165.00	165.60	163.89	165.33	41949581.00
2023-04-25 15:30:00	:AAPL	165.19	166.31	163.73	163.77	48714063.00
2023-04-26 15:30:00	:AAPL	163.06	165.28	162.80	163.76	45498796.00
2023-04-27 15:30:00	:AAPL	165.19	168.56	165.19	168.41	64902329.00
2023-04-28 15:30:00	:AAPL	168.49	169.85	167.88	169.68	55275851.00
2023-05-01 15:30:00	:AAPL	169.28	170.45	168.64	169.59	52472936.00
2023-05-02 15:30:00	:AAPL	170.09	170.35	167.54	168.54	48425696.00
2023-05-03 15:30:00	:AAPL	169.50	170.92	167.16	167.45	65136018.00
2023-05-04 15:30:00	:AAPL	164.89	167.04	164.31	165.79	81235427.00
2023-05-05 15:30:00	:AAPL	170.97	174.30	170.76	173.57	113453171.00
2023-05-08 15:30:00	:AAPL	172.48	173.85	172.11	173.50	55962793.00
2023-05-09 15:30:00	:AAPL	173.05	173.54	171.60	171.77	45326874.00
2023-05-10 15:30:00	:AAPL	173.02	174.03	171.90	173.56	53724501.00
2023-05-11 15:30:00	:AAPL	173.85	174.59	172.17	173.75	49514676.00
2023-05-12 15:30:00	:AAPL	173.62	174.06	171.00	172.57	45533138.00
2023-05-15 15:30:00	:AAPL	173.16	173.21	171.47	172.07	37266659.00
2023-05-16 15:30:00	:AAPL	171.99	173.14	171.80	172.07	42110293.00
2023-05-17 15:30:00	:AAPL	171.71	172.93	170.42	172.69	57951604.00
2023-05-18 15:30:00	:AAPL	173.00	175.24	172.58	175.05	65496657.00
2023-05-19 15:30:00	:AAPL	176.39	176.39	174.94	175.16	55809475.00
2023-05-22 15:30:00	:AAPL	173.98	174.71	173.45	174.20	43570932.00
2023-05-23 15:30:00	:AAPL	173.13	173.38	171.28	171.56	50747263.00
2023-05-24 15:30:00	:AAPL	171.09	172.42	170.52	171.84	45143488.00
2023-05-25 15:30:00	:AAPL	172.41	173.90	171.69	172.99	56058258.00
2023-05-26 15:30:00	:AAPL	173.32	175.77	173.11	175.43	54834975.00
2023-05-30 15:30:00	:AAPL	176.96	178.99	176.57	177.30	55964401.00
2023-05-31 15:30:00	:AAPL	177.32	179.35	176.76	177.25	99625288.00
2023-06-01 15:30:00	:AAPL	177.70	180.12	176.93	180.09	68901809.00
2023-06-02 15:30:00	:AAPL	181.03	181.78	179.26	180.95	61996913.00
2023-06-05 15:30:00	:AAPL	182.63	184.95	178.03	179.58	121946497.00
2023-06-06 15:30:00	:AAPL	179.97	180.12	177.43	179.21	64848374.00
2023-06-07 15:30:00	:AAPL	178.44	181.21	177.32	177.82	61944615.00
2023-06-08 15:30:00	:AAPL	177.90	180.84	177.46	180.57	50214881.00
2023-06-09 15:30:00	:AAPL	181.50	182.23	180.63	180.96	48899973.00
2023-06-12 15:30:00	:AAPL	181.27	183.89	180.97	183.79	54754995.00
2023-06-13 15:30:00	:AAPL	182.80	184.15	182.44	183.31	54929129.00
2023-06-14 15:30:00	:AAPL	183.37	184.39	182.02	183.95	57462882.00
2023-06-15 15:30:00	:AAPL	183.96	186.52	183.78	186.01	65433166.00
2023-06-16 15:30:00	:AAPL	186.73	186.99	184.27	184.92	101256225.00
2023-06-20 15:30:00	:AAPL	184.41	186.10	184.41	185.01	49799092.00
2023-06-21 15:30:00	:AAPL	184.90	185.41	182.59	183.96	49515697.00
2023-06-22 15:30:00	:AAPL	183.74	187.04	183.67	187.00	51245327.00
2023-06-23 15:30:00	:AAPL	185.55	187.56	185.01	186.68	53116996.00
2023-06-26 15:30:00	:AAPL	186.83	188.05	185.23	185.27	48088661.00
2023-06-27 15:30:00	:AAPL	185.89	188.39	185.67	188.06	50730846.00
2023-06-28 15:30:00	:AAPL	187.93	189.90	187.60	189.25	51216801.00
2023-06-29 15:30:00	:AAPL	189.08	190.07	188.94	189.59	46347308.00
2023-06-30 15:30:00	:AAPL	191.63	194.48	191.26	193.97	85213216.00
2023-07-03 15:30:00	:AAPL	193.78	193.88	191.76	192.46	31458198.00
2023-07-05 15:30:00	:AAPL	191.56	192.98	190.62	191.33	46920261.00
2023-07-06 15:30:00	:AAPL	189.84	192.02	189.20	191.81	45156009.00
2023-07-07 15:30:00	:AAPL	191.41	192.67	190.24	190.68	46814998.00
2023-07-10 15:30:00	:AAPL	189.26	189.99	187.03	188.61	59922163.00
2023-07-11 15:30:00	:AAPL	189.16	189.30	186.60	188.08	46638119.00
2023-07-12 15:30:00	:AAPL	189.68	191.70	188.47	189.77	60750248.00
2023-07-13 15:30:00	:AAPL	190.50	191.19	189.78	190.54	41342338.00
2023-07-14 15:30:00	:AAPL	190.23	191.18	189.63	190.69	41616242.00
2023-07-17 15:30:00	:AAPL	191.90	194.32	191.81	193.99	50520159.00
2023-07-18 15:30:00	:AAPL	193.35	194.33	192.41	193.73	48353774.00
2023-07-19 15:30:00	:AAPL	193.10	198.23	192.65	195.10	80507323.00
2023-07-20 15:30:00	:AAPL	195.09	196.47	192.50	193.13	59581196.00
2023-07-21 15:30:00	:AAPL	194.10	194.97	191.23	191.94	71951683.00
2023-07-24 15:30:00	:AAPL	193.41	194.91	192.25	192.75	45505097.00
2023-07-25 15:30:00	:AAPL	193.33	194.44	192.91	193.62	37283201.00
2023-07-26 15:30:00	:AAPL	193.67	195.64	193.32	194.50	47471868.00
2023-07-27 15:30:00	:AAPL	196.02	197.20	192.55	193.22	47460180.00
2023-07-28 15:30:00	:AAPL	194.67	196.63	194.14	195.83	48291443.00
2023-07-31 15:30:00	:AAPL	196.06	196.49	195.26	196.45	38824113.00
2023-08-01 15:30:00	:AAPL	196.24	196.73	195.28	195.60	35281426.00
2023-08-02 15:30:00	:AAPL	195.04	195.18	191.85	192.58	50389327.00
2023-08-03 15:30:00	:AAPL	191.57	192.37	190.69	191.17	62243282.00
2023-08-04 15:30:00	:AAPL	185.52	187.38	181.92	181.99	115956841.00
2023-08-07 15:30:00	:AAPL	182.13	183.13	177.35	178.85	97576069.00
2023-08-08 15:30:00	:AAPL	179.69	180.27	177.58	179.80	67823003.00
2023-08-09 15:30:00	:AAPL	180.87	180.93	177.01	178.19	60378492.00
2023-08-10 15:30:00	:AAPL	179.48	180.75	177.60	177.97	54686851.00
2023-08-11 15:30:00	:AAPL	177.32	178.62	176.55	177.79	52036672.00
2023-08-14 15:30:00	:AAPL	177.97	179.69	177.31	179.46	43675627.00
2023-08-15 15:30:00	:AAPL	178.88	179.48	177.05	177.45	43622593.00
2023-08-16 15:30:00	:AAPL	177.13	178.54	176.50	176.57	46964857.00
2023-08-17 15:30:00	:AAPL	177.14	177.51	173.48	174.00	66062882.00
2023-08-18 15:30:00	:AAPL	172.30	175.10	171.96	174.49	61172150.00
2023-08-21 15:30:00	:AAPL	175.07	176.13	173.74	175.84	46311879.00
2023-08-22 15:30:00	:AAPL	177.06	177.68	176.25	177.23	42084245.00
2023-08-23 15:30:00	:AAPL	178.52	181.55	178.32	181.12	52722752.00
2023-08-24 15:30:00	:AAPL	180.67	181.10	176.01	176.38	54945798.00
2023-08-25 15:30:00	:AAPL	177.38	179.15	175.82	178.61	51449594.00
2023-08-28 15:30:00	:AAPL	180.09	180.59	178.54	180.19	43820697.00
2023-08-29 15:30:00	:AAPL	179.69	184.90	179.50	184.12	53003948.00
2023-08-30 15:30:00	:AAPL	184.94	187.85	184.74	187.65	60813888.00
2023-08-31 15:30:00	:AAPL	187.84	189.12	187.48	187.87	60794467.00
2023-09-01 15:30:00	:AAPL	189.49	189.92	188.28	189.46	45766503.00
2023-09-05 15:30:00	:AAPL	188.28	189.98	187.61	189.70	45280027.00
2023-09-06 15:30:00	:AAPL	188.40	188.85	181.47	182.91	81755816.00
2023-09-07 15:30:00	:AAPL	175.18	178.21	173.54	177.56	112488803.00
2023-09-08 15:30:00	:AAPL	178.35	180.24	177.79	178.18	65602066.00
2023-09-11 15:30:00	:AAPL	180.07	180.30	177.34	179.36	58953052.00
2023-09-12 15:30:00	:AAPL	179.49	180.13	174.82	176.30	90370192.00
2023-09-13 15:30:00	:AAPL	176.51	177.30	173.98	174.21	84267928.00
2023-09-14 15:30:00	:AAPL	174.00	176.10	173.58	175.74	60895757.00
2023-09-15 15:30:00	:AAPL	176.48	176.50	173.82	175.01	109259461.00
2023-09-18 15:30:00	:AAPL	176.48	179.38	176.17	177.97	67257573.00
2023-09-19 15:30:00	:AAPL	177.52	179.63	177.13	179.07	51826941.00
2023-09-20 15:30:00	:AAPL	179.26	179.69	175.40	175.49	58436181.00
2023-09-21 15:30:00	:AAPL	174.55	176.30	173.86	173.93	63149116.00
2023-09-22 15:30:00	:AAPL	174.67	177.08	174.05	174.79	56725385.00
2023-09-25 15:30:00	:AAPL	174.20	176.97	174.15	176.08	46172740.00
2023-09-26 15:30:00	:AAPL	174.82	175.20	171.66	171.96	64588945.00
2023-09-27 15:30:00	:AAPL	172.62	173.04	169.05	170.43	66921808.00
2023-09-28 15:30:00	:AAPL	169.34	172.03	167.62	170.69	56294419.00
2023-09-29 15:30:00	:AAPL	172.02	173.07	170.34	171.21	51861083.00
2023-10-02 15:30:00	:AAPL	171.22	174.30	170.93	173.75	52164535.00
2023-10-03 15:30:00	:AAPL	172.25	173.63	170.82	172.40	49594613.00
2023-10-04 15:30:00	:AAPL	171.09	174.21	170.97	173.66	53020286.00
2023-10-05 15:30:00	:AAPL	173.79	175.45	172.68	174.91	48527918.00
2023-10-06 15:30:00	:AAPL	173.80	177.99	173.18	177.49	57266675.00
2023-10-09 15:30:00	:AAPL	176.81	179.05	175.80	178.99	42390772.00
2023-10-10 15:30:00	:AAPL	178.10	179.72	177.95	178.39	43698019.00
2023-10-11 15:30:00	:AAPL	178.20	179.85	177.60	179.80	47551098.00
2023-10-12 15:30:00	:AAPL	180.07	182.34	179.04	180.71	56743119.00
2023-10-13 15:30:00	:AAPL	181.42	181.93	178.14	178.85	51456082.00
2023-10-16 15:30:00	:AAPL	176.75	179.07	176.51	178.72	52516984.00
2023-10-17 15:30:00	:AAPL	176.65	178.42	174.80	177.15	57549350.00
2023-10-18 15:30:00	:AAPL	175.58	177.57	175.11	175.84	54764375.00
2023-10-19 15:30:00	:AAPL	176.04	177.84	175.19	175.46	59302863.00
2023-10-20 15:30:00	:AAPL	175.31	175.42	172.64	172.88	64244028.00
2023-10-23 15:30:00	:AAPL	170.91	174.01	169.93	173.00	55980109.00
2023-10-24 15:30:00	:AAPL	173.05	173.67	171.45	173.44	43816644.00
2023-10-25 15:30:00	:AAPL	171.88	173.06	170.65	171.10	57156962.00
2023-10-26 15:30:00	:AAPL	170.37	171.38	165.67	166.89	70625258.00
2023-10-27 15:30:00	:AAPL	166.91	168.96	166.83	168.22	58499129.00
2023-10-30 14:30:00	:AAPL	169.02	171.17	168.87	170.29	51130955.00
2023-10-31 14:30:00	:AAPL	169.35	170.90	167.90	170.77	44846017.00
2023-11-01 14:30:00	:AAPL	171.00	174.23	170.12	173.97	56934906.00
2023-11-02 14:30:00	:AAPL	175.52	177.78	175.46	177.57	77334752.00
2023-11-03 14:30:00	:AAPL	174.24	176.82	173.35	176.65	79829246.00
2023-11-06 15:30:00	:AAPL	176.38	179.43	176.21	179.23	63841310.00
2023-11-07 15:30:00	:AAPL	179.18	182.44	178.97	181.82	70529966.00
2023-11-08 15:30:00	:AAPL	182.35	183.45	181.59	182.89	49340282.00
2023-11-09 15:30:00	:AAPL	182.96	184.12	181.81	182.41	53763540.00
2023-11-10 15:30:00	:AAPL	183.97	186.56	183.53	186.40	66177922.00
2023-11-13 15:30:00	:AAPL	185.82	186.03	184.21	184.80	43627519.00
2023-11-14 15:30:00	:AAPL	187.70	188.11	186.30	187.44	60108378.00
2023-11-15 15:30:00	:AAPL	187.84	189.50	187.78	188.01	53790499.00
2023-11-16 15:30:00	:AAPL	189.57	190.96	188.65	189.71	54412915.00
2023-11-17 15:30:00	:AAPL	190.25	190.38	188.57	189.69	50941404.00
2023-11-20 15:30:00	:AAPL	189.89	191.91	189.88	191.45	46538614.00
2023-11-21 15:30:00	:AAPL	191.41	191.52	189.74	190.64	38134485.00
2023-11-22 15:30:00	:AAPL	191.49	192.93	190.82	191.31	39630011.00
2023-11-24 15:30:00	:AAPL	190.87	190.90	189.25	189.97	24048344.00
2023-11-27 15:30:00	:AAPL	189.92	190.67	188.90	189.79	40552609.00
2023-11-28 15:30:00	:AAPL	189.78	191.08	189.40	190.40	38415419.00
2023-11-29 15:30:00	:AAPL	190.90	192.09	188.97	189.37	43014224.00
2023-11-30 15:30:00	:AAPL	189.84	190.32	188.19	189.95	48794366.00
2023-12-01 15:30:00	:AAPL	190.33	191.56	189.23	191.24	45704823.00
2023-12-04 15:30:00	:AAPL	189.98	190.05	187.45	189.43	43389519.00
2023-12-05 15:30:00	:AAPL	190.21	194.40	190.18	193.42	66628398.00
2023-12-06 15:30:00	:AAPL	194.45	194.76	192.11	192.32	41089737.00
2023-12-07 15:30:00	:AAPL	193.63	195.00	193.59	194.27	47477655.00
2023-12-08 15:30:00	:AAPL	194.20	195.99	193.67	195.71	53406358.00
2023-12-11 15:30:00	:AAPL	193.11	193.49	191.42	193.18	60943699.00
2023-12-12 15:30:00	:AAPL	193.08	194.72	191.72	194.71	52696900.00
2023-12-13 15:30:00	:AAPL	195.09	198.00	194.85	197.96	70404183.00
2023-12-14 15:30:00	:AAPL	198.02	199.62	196.16	198.11	66831572.00
2023-12-15 15:30:00	:AAPL	197.53	198.40	197.00	197.57	128538401.00
2023-12-18 15:30:00	:AAPL	196.09	196.63	194.39	195.89	55751861.00
2023-12-19 15:30:00	:AAPL	196.16	196.95	195.89	196.94	40714051.00
2023-12-20 15:30:00	:AAPL	196.90	197.68	194.83	194.83	52242815.00
2023-12-21 15:30:00	:AAPL	196.10	197.08	193.50	194.68	46482549.00
2023-12-22 15:30:00	:AAPL	195.18	195.41	192.97	193.60	37149570.00
2023-12-26 15:30:00	:AAPL	193.61	193.89	192.83	193.05	28919310.00
2023-12-27 15:30:00	:AAPL	192.49	193.50	191.09	193.15	48087681.00
2023-12-28 15:30:00	:AAPL	194.14	194.66	193.17	193.58	34049898.00
2023-12-29 15:30:00	:AAPL	193.90	194.40	191.72	192.53	42672148.00
2024-01-02 15:30:00	:AAPL	187.15	188.44	183.88	185.64	82488674.00
2024-01-03 15:30:00	:AAPL	184.22	185.88	183.43	184.25	58414460.00
2024-01-04 15:30:00	:AAPL	182.15	183.09	180.88	181.91	71983570.00
2024-01-05 15:30:00	:AAPL	181.99	182.76	180.17	181.18	62379661.00
2024-01-08 15:30:00	:AAPL	182.09	185.60	181.50	185.56	59144470.00
2024-01-09 15:30:00	:AAPL	183.92	185.15	182.73	185.14	42841809.00
2024-01-10 15:30:00	:AAPL	184.35	186.40	183.92	186.19	46792908.00
2024-01-11 15:30:00	:AAPL	186.54	187.05	183.62	185.59	49128408.00
2024-01-12 15:30:00	:AAPL	186.06	186.74	185.19	185.92	40477782.00
2024-01-16 15:30:00	:AAPL	182.16	184.26	180.93	183.63	65603041.00
2024-01-17 15:30:00	:AAPL	181.27	182.93	180.30	182.68	47317433.00
2024-01-18 15:30:00	:AAPL	186.09	189.14	185.83	188.63	78005754.00
2024-01-19 15:30:00	:AAPL	189.33	191.95	188.82	191.56	68902985.00
2024-01-22 15:30:00	:AAPL	192.30	195.33	192.26	193.89	60133852.00
2024-01-23 15:30:00	:AAPL	195.02	195.75	193.83	195.18	42355590.00
2024-01-24 15:30:00	:AAPL	195.42	196.38	194.34	194.50	53631316.00
2024-01-25 15:30:00	:AAPL	195.22	196.27	193.11	194.17	54822126.00
2024-01-26 15:30:00	:AAPL	194.27	194.76	191.94	192.42	44594011.00
2024-01-29 15:30:00	:AAPL	192.01	192.20	189.58	191.73	47145622.00
2024-01-30 15:30:00	:AAPL	190.94	191.80	187.47	188.04	55859370.00
2024-01-31 15:30:00	:AAPL	187.04	187.09	184.35	184.40	55467803.00
2024-02-01 15:30:00	:AAPL	183.99	186.95	183.82	186.86	64885408.00
2024-02-02 15:30:00	:AAPL	179.86	187.33	179.25	185.85	102551680.00
2024-02-05 15:30:00	:AAPL	188.15	189.25	185.84	187.68	69668820.00
2024-02-06 15:30:00	:AAPL	186.86	189.31	186.77	189.30	43490759.00
2024-02-07 15:30:00	:AAPL	190.64	191.05	188.61	189.41	53438955.00
2024-02-08 15:30:00	:AAPL	189.38	189.53	187.35	188.32	40962046.00
2024-02-09 15:30:00	:AAPL	188.65	189.99	188.00	188.85	45155216.00
2024-02-12 15:30:00	:AAPL	188.41	188.67	186.79	187.15	41781934.00
2024-02-13 15:30:00	:AAPL	185.77	186.21	183.51	185.04	56529529.00
2024-02-14 15:30:00	:AAPL	185.32	185.53	182.44	184.15	54630517.00
2024-02-15 15:30:00	:AAPL	183.55	184.49	181.35	183.86	65434496.00
2024-02-16 15:30:00	:AAPL	183.42	184.85	181.66	182.31	49752465.00
