,Name,Sector,Relative Score,Absolute Score,No Data/Constraints/Tot.,Equity Ratio,Equity Ratio Score,Netto Margin,Netto Margin Score,Return on Assets,Return on Assets Score,Goodwill,Goodwill Score,Gearing,Gearing Score,Dynamic Gearing,Dynamic Gearing Score,Asset Coverage Ratio,Asset Coverage Ratio Score,Third Order Liquidity,Third Order Liquidity Score,PEG,PEG Score,PRG,PRG Score,PFCG,PFCG Score,PBG,PBG Score
BRK.B,Berkshire Hathaway Inc.,Financial Services,84.85%,9.33/11,1*0*12,51.95,1.00,31.98,1.00,9.96,0.33,19.28,1.00,9.23,1.00,0.72,1.00,75.01,0.00,,0.00,0.00,1.00,0.00,1.00,0.00,1.00,0.00,1.00
PSA,Public Storage,Real Estate,83.33%,5.83/7,5*0*12,83.30,1.00,54.05,1.00,13.44,0.67,1.95,1.00,11.16,0.67,0.37,1.00,100.70,0.50,,0.00,,0.00,,0.00,,0.00,,0.00
RHI,Robert Half Inc.,Industrials,81.25%,6.50/8,4*0*12,59.19,1.00,5.52,0.00,15.56,1.00,19.08,1.00,-26.59,1.00,-0.60,1.00,253.89,1.00,191.45,0.50,,0.00,,0.00,,0.00,,0.00
TER,"Teradyne, Inc.",Technology,77.08%,6.17/8,4*0*12,62.83,1.00,12.06,0.33,8.29,0.33,12.90,1.00,-72.27,1.00,-1.93,1.00,276.39,1.00,499.69,0.50,,0.00,,0.00,,0.00,,0.00
ANET,"Arista Networks, Inc.",Technology,75.00%,9.00/12,0*0*12,69.16,1.00,35.67,1.00,20.54,1.00,1.90,1.00,-94.12,1.00,-2.78,1.00,405.61,1.00,581.44,1.00,0.85,0.50,3.03,0.00,1.21,0.00,0.86,0.50
DD,"DuPont de Nemours, Inc.",Basic Materials,73.61%,8.83/12,0*0*12,50.19,1.00,17.02,0.33,2.05,0.00,36.58,0.00,4.31,1.00,0.47,1.00,174.70,1.00,172.76,0.50,0.38,1.00,0.12,1.00,0.20,1.00,0.02,1.00
BIO,"Bio-Rad Laboratories, Inc.",Healthcare,70.83%,8.50/12,0*0*12,71.86,1.00,76.08,1.00,21.96,1.00,4.59,1.00,-11.73,1.00,-1.21,1.00,98.97,0.00,240.77,0.50,0.18,1.00,45.43,0.00,3.49,0.00,0.28,1.00
CINF,Cincinnati Financial Corporation,Financial Services,68.18%,7.50/11,1*0*12,38.82,1.00,25.20,0.67,7.86,0.33,0.00,1.00,1.20,1.00,0.10,1.00,43.46,0.00,,0.00,0.14,1.00,0.21,0.50,22.14,0.00,0.29,1.00
EG,"Everest Group, Ltd.",Financial Services,66.67%,7.33/11,1*0*12,33.42,1.00,12.23,0.33,3.69,0.00,0.00,1.00,-1.91,1.00,-0.09,1.00,36.83,0.00,,0.00,0.13,1.00,0.48,0.00,0.19,1.00,0.32,1.00
HAS,"Hasbro, Inc.",Consumer Cyclical,63.89%,7.67/12,0*2*12,33.83,1.00,11.03,0.33,5.88,0.33,16.51,1.00,-17.81,1.00,-0.68,1.00,334.04,1.00,536.76,1.00,1.22,0.00,-2.21,0.00,-8.39,0.00,0.24,1.00
ENPH,"Enphase Energy, Inc.",Technology,63.89%,7.67/12,0*2*12,38.17,1.00,25.81,0.67,22.59,1.00,9.10,1.00,-53.59,1.00,-0.95,1.00,175.53,1.00,250.69,0.50,-0.15,0.00,0.92,0.00,0.93,0.50,-0.13,0.00
NVDA,NVIDIA Corporation,Technology,63.89%,7.67/12,0*2*12,70.48,1.00,25.61,0.67,16.15,1.00,5.06,1.00,-72.98,1.00,-1.70,1.00,391.59,1.00,767.38,1.00,-6.49,0.00,-7.87,0.00,7.29,0.00,2.14,0.00
SWKS,"Skyworks Solutions, Inc.",Technology,63.89%,7.67/12,0*2*12,85.18,1.00,25.28,0.67,17.64,1.00,28.86,1.00,-25.58,1.00,-0.59,1.00,158.25,1.00,597.49,1.00,-33.16,0.00,-2.80,0.00,4.91,0.00,4.84,0.00
ILMN,"Illumina, Inc.",Healthcare,61.11%,7.33/12,0*1*12,63.05,1.00,28.28,0.67,13.70,0.67,17.86,1.00,-49.27,1.00,-1.80,1.00,200.84,1.00,669.32,1.00,10.51,0.00,9.52,0.00,-12.62,0.00,1.94,0.00
OXY,Occidental Petroleum Corporation,Energy,59.72%,7.17/12,0*0*12,48.64,1.00,23.25,0.67,9.42,0.33,0.00,1.00,34.15,0.67,0.58,1.00,92.95,0.00,134.00,0.00,0.28,1.00,0.22,0.50,0.27,1.00,1.21,0.00
EW,Edwards Lifesciences Corporation,Healthcare,59.72%,7.17/12,0*0*12,63.94,1.00,24.08,0.67,16.14,1.00,28.15,1.00,-22.24,1.00,-0.63,1.00,135.35,1.00,330.67,0.50,5.74,0.00,3.47,0.00,7.11,0.00,1.85,0.00
ISRG,"Intuitive Surgical, Inc.",Healthcare,59.72%,7.17/12,0*0*12,84.90,1.00,30.80,1.00,14.17,0.67,3.72,1.00,-38.99,1.00,-1.59,1.00,162.97,1.00,452.59,0.50,12.78,0.00,4.33,0.00,4.16,0.00,2.17,0.00
GRMN,Garmin Ltd.,Technology,59.72%,7.17/12,0*1*12,77.73,1.00,25.35,0.67,15.45,1.00,9.74,1.00,-29.29,1.00,-1.71,1.00,154.18,1.00,295.18,0.50,2.32,0.00,1.71,0.00,-3.18,0.00,1.85,0.00
MKTX,MarketAxess Holdings Inc.,Financial Services,59.09%,6.50/11,1*0*12,80.64,1.00,40.07,1.00,21.46,1.00,19.07,1.00,-35.08,1.00,-0.90,1.00,129.18,0.50,,0.00,16.71,0.00,7.13,0.00,19.81,0.00,43.82,0.00
TROW,"T. Rowe Price Group, Inc.",Financial Services,59.09%,6.50/11,1*1*12,76.12,1.00,37.94,1.00,22.84,1.00,9.37,1.00,-25.09,1.00,-1.03,1.00,102.90,0.50,,0.00,4.36,0.00,4.73,0.00,-38.71,0.00,1.31,0.00
NUE,Nucor Corporation,Basic Materials,58.33%,7.00/12,0*2*12,56.46,1.00,5.63,0.00,6.93,0.33,21.25,1.00,24.69,0.67,0.60,1.00,144.78,1.00,333.89,0.50,-0.73,0.00,-0.25,0.00,0.47,1.00,0.68,0.50
GILD,"Gilead Sciences, Inc.",Healthcare,58.33%,7.00/12,0*1*12,36.55,1.00,23.99,0.67,8.74,0.33,18.28,1.00,1.07,1.00,0.02,1.00,142.41,1.00,310.44,0.50,-5236.75,0.00,7.91,0.00,6.03,0.00,0.83,0.50
CDNS,"Cadence Design Systems, Inc.",Technology,58.33%,7.00/12,0*0*12,62.64,1.00,42.33,1.00,29.46,1.00,31.47,0.00,-17.08,1.00,-0.45,1.00,111.93,0.50,173.91,0.50,0.85,0.50,4.67,0.00,6.36,0.00,0.60,0.50
FSLR,"First Solar, Inc.",Technology,58.33%,7.00/12,0*2*12,67.82,1.00,-3.75,0.00,-1.53,0.00,0.28,1.00,-33.21,1.00,-2.01,1.00,141.76,1.00,273.09,0.50,0.21,0.00,0.20,1.00,0.63,0.50,-1.46,0.00
MPWR,"Monolithic Power Systems, Inc.",Technology,58.33%,7.00/12,0*0*12,80.88,1.00,17.33,0.33,11.38,0.67,0.85,1.00,-58.88,1.00,-1.45,1.00,256.83,1.00,667.05,1.00,363.48,0.00,9.57,0.00,1.42,0.00,2.31,0.00
NVR,"NVR, Inc.",Consumer Cyclical,57.58%,6.33/11,1*0*12,61.45,1.00,11.83,0.33,23.06,1.00,0.00,1.00,-23.15,1.00,-0.61,1.00,225.43,1.00,,0.00,10.06,0.00,5.62,0.00,4.90,0.00,1.25,0.00
GOOG,Alphabet Inc.,Communication Services,56.94%,6.83/12,0*0*12,73.01,1.00,21.22,0.67,12.45,0.67,10.24,1.00,-57.15,1.00,-1.47,1.00,167.03,1.00,337.41,0.50,11.31,0.00,1.62,0.00,7.98,0.00,1.92,0.00
GOOGL,Alphabet Inc.,Communication Services,56.94%,6.83/12,0*0*12,73.01,1.00,21.22,0.67,12.45,0.67,10.24,1.00,-57.15,1.00,-1.47,1.00,167.03,1.00,337.41,0.50,11.27,0.00,1.62,0.00,7.95,0.00,1.91,0.00
META,"Meta Platforms, Inc.",Communication Services,56.94%,6.83/12,0*1*12,75.77,1.00,26.15,0.67,13.86,0.67,18.52,1.00,-53.81,1.00,-1.06,1.00,151.11,1.00,439.95,0.50,-8.44,0.00,1.60,0.00,2.99,0.00,1.40,0.00
LULU,Lululemon Athletica Inc.,Consumer Cyclical,56.94%,6.83/12,0*1*12,69.36,1.00,14.71,0.33,23.21,1.00,1.68,1.00,-60.95,1.00,-0.91,1.00,220.62,1.00,285.58,0.50,4.44,0.00,1.80,0.00,3.43,0.00,-16.06,0.00
NKE,"NIKE, Inc.",Consumer Cyclical,56.94%,6.83/12,0*1*12,38.12,1.00,10.30,0.33,16.99,1.00,1.70,1.00,-13.10,1.00,-0.17,1.00,173.86,1.00,210.08,0.50,2.24,0.00,2.00,0.00,5.68,0.00,-13.26,0.00
ROST,"Ross Stores, Inc.",Consumer Cyclical,56.94%,6.83/12,0*0*12,54.43,1.00,10.59,0.33,26.14,1.00,0.00,1.00,-33.29,1.00,-0.44,1.00,135.53,1.00,169.40,0.50,6.82,0.00,1.50,0.00,3.62,0.00,5.43,0.00
ALGN,"Align Technology, Inc.",Healthcare,56.94%,6.83/12,0*0*12,53.83,1.00,18.40,0.33,17.71,1.00,4.75,1.00,-64.53,1.00,-0.97,1.00,155.22,1.00,168.23,0.50,17.41,0.00,1.71,0.00,6.34,0.00,7.28,0.00
INCY,Incyte Corporation,Healthcare,56.94%,6.83/12,0*0*12,75.83,1.00,20.70,0.67,13.04,0.67,5.99,1.00,-79.54,1.00,-2.62,1.00,278.26,1.00,483.40,0.50,1.21,0.00,3.20,0.00,1.61,0.00,1.05,0.00
REGN,"Regeneron Pharmaceuticals, Inc.",Healthcare,56.94%,6.83/12,0*1*12,74.90,1.00,26.91,0.67,14.29,0.67,0.00,1.00,-22.55,1.00,-0.87,1.00,165.87,1.00,366.74,0.50,-8.38,0.00,2.32,0.00,10.25,0.00,1.07,0.00
VRTX,Vertex Pharmaceuticals Incorporated,Healthcare,56.94%,6.83/12,0*1*12,73.15,1.00,28.27,0.67,14.15,0.67,16.47,1.00,-53.23,1.00,-1.97,1.00,189.49,1.00,361.31,0.50,-4.83,0.00,2.49,0.00,11.10,0.00,13.25,0.00
FAST,Fastenal Company,Industrials,56.94%,6.83/12,0*0*12,70.15,1.00,14.83,0.33,20.81,1.00,0.00,1.00,6.38,1.00,0.16,1.00,224.00,1.00,451.11,0.50,27.60,0.00,2.81,0.00,3.76,0.00,2.65,0.00
MU,"Micron Technology, Inc.",Technology,56.94%,6.83/12,0*3*12,73.40,1.00,26.97,0.67,12.91,0.67,3.42,1.00,-5.86,1.00,-0.09,1.00,124.82,0.50,258.26,0.50,-0.69,0.00,-0.63,0.00,-1.56,0.00,0.55,0.50
PXD,Pioneer Natural Resources Company,Energy,55.56%,6.67/12,0*0*12,67.65,1.00,10.43,0.33,5.46,0.33,2.18,1.00,6.97,1.00,0.12,1.00,93.94,0.00,141.91,0.00,6.40,0.00,0.18,1.00,0.37,1.00,1.13,0.00
ULTA,"Ulta Beauty, Inc.",Consumer Cyclical,54.17%,6.50/12,0*0*12,57.04,1.00,9.80,0.00,20.64,1.00,0.60,1.00,-22.48,1.00,-0.32,1.00,142.62,1.00,232.46,0.50,5.63,0.00,0.68,0.00,7.47,0.00,7.93,0.00
WST,"West Pharmaceutical Services, Inc.",Healthcare,54.17%,6.50/12,0*0*12,67.19,1.00,13.14,0.33,10.32,0.67,6.85,1.00,-11.56,1.00,-0.37,1.00,142.53,1.00,309.92,0.50,12.29,0.00,3.68,0.00,4.08,0.00,2.64,0.00
EXPD,"Expeditors International of Washington, Inc.",Industrials,54.17%,6.50/12,0*0*12,59.94,1.00,7.60,0.00,18.65,1.00,0.40,1.00,-46.49,1.00,-1.49,1.00,342.71,1.00,206.12,0.50,4.56,0.00,0.48,0.00,13.63,0.00,15.18,0.00
EPAM,"EPAM Systems, Inc.",Technology,54.17%,6.50/12,0*0*12,71.12,1.00,11.38,0.33,11.63,0.67,12.22,1.00,-57.10,1.00,-2.36,1.00,210.55,1.00,380.98,0.50,31.54,0.00,1.12,0.00,9.52,0.00,1.58,0.00
FTNT,"Fortinet, Inc.",Technology,54.17%,6.50/12,0*1*12,32.82,1.00,18.44,0.33,10.79,0.67,3.78,1.00,-163.29,1.00,-2.38,1.00,117.86,0.50,176.77,0.50,1.14,0.50,3.41,0.00,-24.56,0.00,2.12,0.00
TXN,Texas Instruments Incorporated,Technology,54.17%,6.50/12,0*3*12,49.43,1.00,34.88,1.00,27.84,1.00,48.97,0.00,4.67,1.00,0.06,1.00,153.51,1.00,412.67,0.50,-12.08,0.00,-4.92,0.00,-8.27,0.00,19.34,0.00
NEM,Newmont Corporation,Basic Materials,52.78%,6.33/12,0*2*12,53.58,1.00,28.80,0.67,7.02,0.33,12.48,1.00,20.33,0.67,1.01,0.67,83.54,0.00,262.98,0.50,0.28,1.00,-1.42,0.00,-323.83,0.00,0.53,0.50
RL,Ralph Lauren Corporation,Consumer Cyclical,52.78%,6.33/12,0*2*12,55.31,1.00,6.83,0.00,7.25,0.33,27.98,1.00,-32.35,1.00,-1.08,1.00,178.40,1.00,299.54,0.50,0.89,0.50,1.11,0.00,-4.17,0.00,-18.31,0.00
CTRA,Coterra Energy Inc.,Energy,52.78%,6.33/12,0*0*12,47.95,1.00,32.96,1.00,15.18,1.00,0.00,1.00,47.40,0.33,0.46,1.00,83.81,0.00,173.23,0.50,1.29,0.00,37.63,0.00,0.61,0.50,1.21,0.00
CPRT,"Copart, Inc.",Industrials,52.78%,6.33/12,0*0*12,69.81,1.00,28.98,0.67,23.23,1.00,18.74,1.00,12.08,0.67,0.21,1.00,117.09,0.50,243.67,0.50,4.45,0.00,3.43,0.00,4.11,0.00,3.87,0.00
TTWO,"Take-Two Interactive Software, Inc.",Communication Services,51.39%,6.17/12,0*0*12,48.09,1.00,12.51,0.33,7.87,0.33,18.71,1.00,-76.99,1.00,-1.73,1.00,144.19,1.00,144.88,0.00,2.80,0.00,0.58,0.00,1.51,0.00,0.58,0.50
MNST,Monster Beverage Corporation,Consumer Defensive,51.39%,6.17/12,0*0*12,80.99,1.00,26.37,0.67,21.51,1.00,31.92,0.00,-31.87,1.00,-1.09,1.00,147.18,1.00,350.37,0.50,10.61,0.00,3.08,0.00,199.11,0.00,2.03,0.00
AAPL,Apple Inc.,Technology,51.39%,6.17/12,0*3*12,26.73,0.50,21.24,0.67,16.32,1.00,0.00,1.00,8.28,1.00,0.09,1.00,103.76,0.50,154.01,0.50,-181.55,0.00,5.45,0.00,-14.20,0.00,-7.42,0.00
INTU,Intuit Inc.,Technology,51.39%,6.17/12,0*0*12,59.67,1.00,22.95,0.67,24.78,1.00,44.15,0.00,-61.46,1.00,-0.93,1.00,153.77,1.00,182.81,0.50,15.43,0.00,4.81,0.00,15.28,0.00,3.00,0.00
KEYS,"Keysight Technologies, Inc.",Technology,51.39%,6.17/12,0*0*12,45.36,1.00,14.43,0.33,9.38,0.33,40.25,0.00,6.46,1.00,0.17,1.00,140.73,1.00,320.54,0.50,0.98,0.50,2.13,0.00,1.62,0.00,0.88,0.50
LRCX,Lam Research Corporation,Technology,51.39%,6.17/12,0*3*12,38.94,1.00,22.70,0.67,18.26,1.00,31.76,0.00,-19.08,1.00,-0.26,1.00,248.37,1.00,360.95,0.50,-11170.56,0.00,-4.20,0.00,2.43,0.00,-2.06,0.00
MSFT,Microsoft Corporation,Technology,51.39%,6.17/12,0*0*12,35.71,1.00,31.18,1.00,13.69,0.67,41.07,0.00,-53.81,1.00,-0.83,1.00,157.88,1.00,252.88,0.50,1.76,0.00,3.76,0.00,5.41,0.00,3.97,0.00
STLD,"Steel Dynamics, Inc.",Basic Materials,50.00%,6.00/12,0*2*12,49.25,1.00,6.41,0.00,8.11,0.33,11.11,1.00,26.75,0.67,0.59,1.00,167.07,1.00,422.47,0.50,-0.80,0.00,-0.39,0.00,0.98,0.50,1.31,0.00
DIS,The Walt Disney Company,Communication Services,50.00%,4.00/8,4*0*12,49.47,1.00,21.20,0.67,12.78,0.67,64.11,0.00,34.29,0.67,0.89,1.00,80.54,0.00,94.20,0.00,,0.00,,0.00,,0.00,,0.00
DHI,"D.R. Horton, Inc.",Consumer Cyclical,50.00%,5.50/11,1*0*12,64.21,1.00,9.20,0.00,10.37,0.67,1.63,1.00,19.01,0.67,1.71,0.67,454.07,1.00,,0.00,5.31,0.00,0.54,0.00,1.79,0.00,0.86,0.50
TJX,"The TJX Companies, Inc.",Consumer Cyclical,50.00%,6.00/12,0*0*12,35.24,1.00,7.85,0.00,21.36,1.00,1.93,1.00,-10.96,1.00,-0.11,1.00,128.49,0.50,153.11,0.50,6.35,0.00,0.84,0.00,2.56,0.00,63.88,0.00
COP,ConocoPhillips,Energy,50.00%,6.00/12,0*2*12,49.61,1.00,22.17,0.67,10.20,0.67,0.00,1.00,19.38,0.67,0.38,1.00,92.85,0.00,240.14,0.50,1.96,0.00,-1.17,0.00,-2.72,0.00,0.54,0.50
DXCM,"DexCom, Inc.",Healthcare,50.00%,6.00/12,0*1*12,36.85,1.00,6.85,0.00,4.22,0.00,2.11,1.00,-51.96,1.00,-0.93,1.00,459.75,1.00,546.75,1.00,-1.32,0.00,2.50,0.00,2.55,0.00,5.32,0.00
PFE,Pfizer Inc.,Healthcare,50.00%,4.00/8,4*0*12,41.51,1.00,40.55,1.00,12.40,0.67,78.47,0.00,32.95,0.67,1.24,0.67,80.25,0.00,135.21,0.00,,0.00,,0.00,,0.00,,0.00
STE,STERIS plc,Healthcare,50.00%,4.00/8,4*0*12,61.65,1.00,11.10,0.33,5.59,0.33,75.91,0.00,34.76,0.67,1.79,0.67,107.39,0.50,248.37,0.50,,0.00,,0.00,,0.00,,0.00
VICI,VICI Properties Inc.,Real Estate,50.00%,5.50/11,1*2*12,60.04,1.00,61.02,1.00,4.12,0.00,0.00,1.00,46.32,0.33,1.48,0.67,104.88,0.50,,0.00,-9.91,0.00,-4.02,0.00,0.33,1.00,2.33,0.00
EA,Electronic Arts Inc.,Communication Services,48.61%,5.83/12,0*2*12,59.52,1.00,20.59,0.67,11.38,0.67,35.49,0.00,-83.49,1.00,-2.67,1.00,245.54,1.00,281.72,0.50,508.90,0.00,-25.70,0.00,-19.98,0.00,1.83,0.00
ODFL,"Old Dominion Freight Line, Inc.",Industrials,48.61%,5.83/12,0*0*12,77.10,1.00,14.98,0.33,15.41,1.00,0.63,1.00,-11.64,1.00,-0.25,1.00,99.90,0.00,236.78,0.50,30.08,0.00,4.52,0.00,213.40,0.00,1.32,0.00
SNA,Snap-on Incorporated,Industrials,48.61%,5.83/12,0*1*12,59.88,1.00,17.05,0.33,12.18,0.67,26.80,1.00,28.69,0.67,1.26,0.67,131.78,1.00,251.21,0.50,15.77,0.00,5.98,0.00,-6.45,0.00,1.16,0.00
AMD,"Advanced Micro Devices, Inc.",Technology,48.61%,5.83/12,0*2*12,46.90,1.00,5.07,0.00,5.66,0.33,10.22,1.00,-35.97,1.00,-1.43,1.00,231.52,1.00,194.87,0.50,-62.17,0.00,-3.89,0.00,3.26,0.00,1.16,0.00
CSCO,"Cisco Systems, Inc.",Technology,48.61%,5.83/12,0*1*12,34.33,1.00,22.39,0.67,11.88,0.67,99.87,0.00,-26.12,1.00,-0.52,1.00,96.02,0.00,150.59,0.50,0.10,1.00,1.26,0.00,2.27,0.00,0.46,0.00
ACGL,Arch Capital Group Ltd.,Financial Services,48.48%,5.33/11,1*0*12,30.35,1.00,24.04,0.67,4.32,0.00,2.84,1.00,14.17,0.67,0.78,1.00,37.28,0.00,,0.00,0.65,0.50,0.56,0.00,1.54,0.00,0.41,0.50
PGR,The Progressive Corporation,Financial Services,48.48%,5.33/11,1*0*12,24.90,0.50,10.18,0.33,7.23,0.33,3.31,1.00,30.58,0.67,0.63,1.00,33.06,0.00,,0.00,1.09,0.50,0.24,0.50,32.18,0.00,0.56,0.50
FOXA,Fox Corporation,Communication Services,47.22%,5.67/12,0*1*12,50.99,1.00,14.00,0.33,8.18,0.33,27.05,1.00,35.36,0.33,1.27,0.67,128.14,0.50,378.39,0.50,-1.97,0.00,0.73,0.00,0.56,1.00,2.13,0.00
FOX,Fox Corporation,Communication Services,47.22%,5.67/12,0*1*12,50.99,1.00,14.00,0.33,8.18,0.33,27.05,1.00,35.36,0.33,1.27,0.67,128.14,0.50,378.39,0.50,-1.95,0.00,0.72,0.00,0.55,1.00,2.11,0.00
BIIB,Biogen Inc.,Healthcare,47.22%,5.67/12,0*0*12,48.99,1.00,40.96,1.00,21.62,1.00,43.15,0.00,11.08,0.67,0.19,1.00,94.43,0.00,172.33,0.50,1.14,0.50,1.02,0.00,1.68,0.00,8.08,0.00
MOH,"Molina Healthcare, Inc.",Healthcare,47.22%,5.67/12,0*2*12,28.88,0.50,4.38,0.00,10.86,0.67,7.30,1.00,-148.16,1.00,-5.91,1.00,418.05,1.00,182.53,0.50,14.35,0.00,-0.23,0.00,-0.08,0.00,1.18,0.00
PHM,"PulteGroup, Inc.",Consumer Cyclical,46.97%,5.17/11,1*1*12,50.94,1.00,9.96,0.00,9.49,0.33,0.00,1.00,34.79,0.67,1.67,0.67,486.13,1.00,,0.00,29.61,0.00,2.13,0.00,-2.09,0.00,0.72,0.50
APA,APA Corporation,Energy,45.83%,3.67/8,4*0*12,33.83,1.00,22.15,0.67,5.95,0.33,0.00,1.00,91.91,0.00,1.31,0.67,84.35,0.00,145.28,0.00,,0.00,,0.00,,0.00,,0.00
A,"Agilent Technologies, Inc.",Healthcare,45.83%,5.50/12,0*2*12,50.23,1.00,20.74,0.67,11.33,0.67,75.67,0.00,21.59,0.67,0.87,1.00,104.41,0.50,153.32,0.50,0.86,0.50,3.21,0.00,-26.10,0.00,-11.74,0.00
AXON,"Axon Enterprise, Inc.",Industrials,45.83%,5.50/12,0*1*12,64.27,1.00,0.17,0.00,0.10,0.00,4.60,1.00,-64.54,1.00,-4.28,1.00,230.13,1.00,311.65,0.50,-93.12,0.00,1.58,0.00,33.04,0.00,2.34,0.00
CSGP,"CoStar Group, Inc.",Real Estate,45.83%,5.50/12,0*1*12,88.37,1.00,22.50,0.67,8.17,0.33,55.26,0.00,-31.44,1.00,-2.12,1.00,128.28,0.50,579.15,1.00,15.26,0.00,6.13,0.00,8.19,0.00,-52.66,0.00
CTSH,Cognizant Technology Solutions Corporation,Technology,45.83%,5.50/12,0*2*12,68.02,1.00,10.98,0.33,11.37,0.67,36.10,0.00,-24.13,1.00,-0.92,1.00,136.59,1.00,255.15,0.50,-11.65,0.00,1.10,0.00,23.56,0.00,-3.96,0.00
UBER,"Uber Technologies, Inc.",Technology,45.83%,3.67/8,4*0*12,23.68,0.50,-50.84,0.00,-26.14,0.00,1.07,1.00,-25.10,1.00,1.28,0.67,81.39,0.00,177.72,0.50,,0.00,,0.00,,0.00,,0.00
CMA,Comerica Incorporated,Financial Services,45.45%,5.00/11,1*0*12,10.60,0.50,34.35,1.00,1.74,0.00,8.46,1.00,35.47,0.33,1.56,0.67,14.36,0.00,,0.00,0.53,0.50,0.67,0.00,0.48,1.00,4.59,0.00
MET,"MetLife, Inc.",Financial Services,45.45%,5.00/11,1*0*12,8.93,0.00,8.46,0.00,0.80,0.00,14.07,1.00,0.38,1.00,0.02,1.00,11.43,0.00,,0.00,1.78,0.00,0.40,0.50,0.69,0.50,0.11,1.00
PFG,"Principal Financial Group, Inc.",Financial Services,45.45%,5.00/11,1*1*12,5.29,0.00,8.57,0.00,0.50,0.00,11.59,1.00,9.19,1.00,0.24,1.00,6.70,0.00,,0.00,-3.98,0.00,0.22,0.50,1.13,0.50,0.20,1.00
RF,Regions Financial Corporation,Financial Services,45.45%,5.00/11,1*0*12,12.91,0.50,24.44,0.67,1.30,0.00,29.73,1.00,33.00,0.67,1.93,0.67,17.17,0.00,,0.00,139.25,0.00,0.69,0.00,1.11,0.50,0.26,1.00
HUM,Humana Inc.,Healthcare,45.45%,5.00/11,1*0*12,41.40,1.00,4.17,0.00,9.31,0.33,32.63,0.00,13.39,0.67,0.27,1.00,67.96,0.00,,0.00,1.72,0.00,0.24,0.50,0.47,1.00,1.00,0.50
TPR,"Tapestry, Inc.",Consumer Cyclical,44.44%,5.33/12,0*1*12,51.09,1.00,10.68,0.33,9.36,0.33,43.15,0.00,10.50,0.67,0.35,1.00,118.40,0.50,278.52,0.50,1.06,0.50,2.00,0.00,-2.00,0.00,0.41,0.50
FANG,"Diamondback Energy, Inc.",Energy,44.44%,5.33/12,0*2*12,56.30,1.00,6.05,0.00,1.02,0.00,0.00,1.00,39.61,0.33,0.82,1.00,82.16,0.00,68.80,0.00,-1.53,0.00,0.14,1.00,0.21,1.00,-36.28,0.00
FDS,FactSet Research Systems Inc.,Financial Services,44.44%,5.33/12,0*1*12,43.09,1.00,24.58,0.67,22.61,1.00,102.00,0.00,28.05,0.67,0.39,1.00,127.67,0.50,266.67,0.50,5.51,0.00,6.14,0.00,7.51,0.00,5.16,0.00
MRNA,"Moderna, Inc.",Healthcare,44.44%,5.33/12,0*4*12,73.91,1.00,-853.73,0.00,-32.34,0.00,0.00,1.00,-90.59,1.00,2.49,0.33,263.45,1.00,788.74,1.00,-2.61,0.00,-8.19,0.00,-1.30,0.00,-1.14,0.00
UAL,"United Airlines Holdings, Inc.",Industrials,44.44%,5.33/12,0*0*12,21.92,0.50,6.96,0.00,5.72,0.33,39.22,0.00,85.63,0.00,0.86,1.00,56.05,0.00,54.85,0.00,0.57,0.50,0.14,1.00,0.35,1.00,0.29,1.00
STX,Seagate Technology Holdings plc,Technology,44.44%,5.33/12,0*1*12,24.33,0.50,19.36,0.33,22.64,1.00,57.22,0.00,94.03,0.00,0.86,1.00,141.86,1.00,195.47,0.50,0.54,0.50,-7.72,0.00,17.12,0.00,0.58,0.50
AFL,Aflac Incorporated,Financial Services,43.94%,4.83/11,1*1*12,18.96,0.50,14.79,0.33,2.16,0.00,0.00,1.00,5.26,1.00,0.28,1.00,23.93,0.00,,0.00,2.37,0.00,0.94,0.00,-4.05,0.00,0.17,1.00
MCD,McDonald's Corporation,Consumer Cyclical,43.75%,3.50/8,4*0*12,-9.67,0.00,22.75,0.67,15.36,1.00,-72.82,0.00,-828.41,1.00,3.66,0.33,92.25,0.00,184.29,0.50,,0.00,,0.00,,0.00,,0.00
APD,"Air Products and Chemicals, Inc.",Basic Materials,43.06%,5.17/12,0*1*12,58.35,1.00,19.73,0.33,9.29,0.33,7.21,1.00,8.24,1.00,0.18,1.00,99.70,0.00,253.63,0.50,9.30,0.00,-54.73,0.00,2.79,0.00,15.45,0.00
BBY,"Best Buy Co., Inc.",Consumer Cyclical,43.06%,5.17/12,0*1*12,25.63,0.50,3.41,0.00,11.35,0.67,27.68,1.00,-17.91,1.00,-0.18,1.00,115.06,0.50,118.06,0.00,1.57,0.00,0.31,0.50,1.67,0.00,-1.99,0.00
BKNG,Booking Holdings Inc.,Consumer Cyclical,43.06%,5.17/12,0*2*12,27.72,0.50,32.29,1.00,22.73,1.00,49.10,0.00,22.21,0.67,0.25,1.00,117.32,0.50,183.25,0.50,1.94,0.00,1.40,0.00,-217.79,0.00,-2.67,0.00
CCL,Carnival Corporation & plc,Consumer Cyclical,43.06%,5.17/12,0*1*12,56.29,1.00,14.35,0.33,6.63,0.33,11.48,1.00,43.30,0.33,1.01,0.67,81.49,0.00,22.56,0.00,-10.35,0.00,0.46,0.00,0.57,1.00,0.83,0.50
V,Visa Inc.,Financial Services,43.06%,5.17/12,0*1*12,47.79,1.00,52.57,1.00,16.65,1.00,45.14,0.00,13.42,0.67,0.34,1.00,99.63,0.00,156.32,0.50,9.24,0.00,6.73,0.00,96.35,0.00,28.42,0.00
AMAT,"Applied Materials, Inc.",Technology,43.06%,5.17/12,0*3*12,43.18,1.00,18.52,0.33,14.22,0.67,41.38,0.00,20.64,0.67,0.46,1.00,146.60,1.00,229.50,0.50,-16.75,0.00,-2.39,0.00,-6.12,0.00,1.39,0.00
EQR,Equity Residential,Real Estate,42.86%,3.00/7,5*0*12,49.79,1.00,24.42,0.67,2.93,0.00,0.00,1.00,86.96,0.00,4.03,0.33,93.57,0.00,,0.00,,0.00,,0.00,,0.00,,0.00
MGM,MGM Resorts International,Consumer Cyclical,41.67%,5.00/12,0*1*12,22.81,0.50,15.89,0.33,6.05,0.33,26.98,1.00,115.62,0.00,3.50,0.33,63.49,0.00,125.58,0.00,0.12,1.00,0.26,0.50,-1.03,0.00,0.24,1.00
HRL,Hormel Foods Corporation,Consumer Defensive,41.67%,5.00/12,0*3*12,73.02,1.00,10.31,0.33,12.07,0.67,41.91,0.00,-7.39,1.00,-0.36,1.00,107.37,0.50,213.69,0.50,-36.14,0.00,-22.09,0.00,-3.47,0.00,1.35,0.00
EL,The Est√©e Lauder Companies Inc.,Consumer Defensive,41.67%,5.00/12,0*1*12,33.34,1.00,12.01,0.33,13.57,0.67,42.59,0.00,9.69,1.00,0.13,1.00,122.51,0.50,156.61,0.50,3.77,0.00,2.34,0.00,27.85,0.00,-25.40,0.00
AOS,A. O. Smith Corporation,Industrials,41.67%,5.00/12,0*3*12,54.51,1.00,12.36,0.33,12.10,0.67,32.76,0.00,-16.04,1.00,-0.51,1.00,124.81,0.50,195.75,0.50,-6.11,0.00,-3.92,0.00,67.08,0.00,-3.64,0.00
IEX,IDEX Corporation,Industrials,41.67%,5.00/12,0*1*12,59.34,1.00,17.06,0.33,11.16,0.67,78.64,0.00,9.57,1.00,0.37,1.00,121.92,0.50,352.48,0.50,40.35,0.00,90.15,0.00,14.56,0.00,-0.61,0.00
ANSS,"ANSYS, Inc.",Technology,41.67%,5.00/12,0*1*12,71.37,1.00,29.77,0.67,9.33,0.33,69.88,0.00,-10.83,1.00,-0.69,1.00,118.08,0.50,223.76,0.50,40.37,0.00,4.32,0.00,34.01,0.00,-3.68,0.00
NOW,"ServiceNow, Inc.",Technology,41.67%,5.00/12,0*1*12,35.33,1.00,18.11,0.33,10.41,0.67,7.37,1.00,-46.81,1.00,-0.63,1.00,88.34,0.00,102.69,0.00,-0.36,0.00,3.97,0.00,5.82,0.00,2.38,0.00
DFS,Discover Financial Services,Financial Services,40.91%,4.50/11,1*0*12,10.40,0.50,21.14,0.67,2.59,0.00,2.15,1.00,216.72,0.00,3.97,0.33,28.35,0.00,,0.00,1.94,0.00,0.38,0.50,0.52,1.00,0.54,0.50
PRU,"Prudential Financial, Inc.",Financial Services,40.91%,4.50/11,1*1*12,7.04,0.00,6.43,0.00,0.47,0.00,4.77,1.00,8.76,1.00,0.28,1.00,9.43,0.00,,0.00,5.17,0.00,0.32,0.50,-0.91,0.00,0.08,1.00
HST,"Host Hotels & Resorts, Inc.",Real Estate,40.91%,4.50/11,1*1*12,59.48,1.00,16.82,0.33,7.48,0.33,0.00,1.00,30.35,0.67,1.23,0.67,104.16,0.50,,0.00,-3.47,0.00,2.73,0.00,3.98,0.00,4.11,0.00
CMG,"Chipotle Mexican Grill, Inc.",Consumer Cyclical,40.28%,4.83/12,0*0*12,32.97,1.00,6.27,0.00,6.86,0.33,1.30,1.00,-52.33,1.00,-0.83,1.00,41.74,0.00,160.85,0.50,4.17,0.00,1.39,0.00,6.76,0.00,4.08,0.00
PKG,Packaging Corporation of America,Consumer Cyclical,40.28%,4.83/12,0*3*12,42.44,1.00,10.00,0.00,9.62,0.33,29.92,1.00,56.23,0.33,1.07,0.67,116.95,0.50,342.42,0.50,-8.56,0.00,-5.49,0.00,-2.90,0.00,0.69,0.50
EOG,"EOG Resources, Inc.",Energy,40.28%,4.83/12,0*1*12,58.29,1.00,15.85,0.33,7.37,0.33,0.00,1.00,14.54,0.67,0.22,1.00,81.01,0.00,117.53,0.00,-2.48,0.00,14.90,0.00,2.08,0.00,0.63,0.50
BSX,Boston Scientific Corporation,Healthcare,40.28%,4.83/12,0*1*12,45.40,1.00,43.78,1.00,15.38,1.00,73.33,0.00,70.56,0.00,4.00,0.33,86.87,0.00,96.57,0.00,0.39,1.00,2.45,0.00,0.69,0.50,1.84,0.00
CMI,Cummins Inc.,Industrials,40.28%,4.83/12,0*0*12,38.04,1.00,9.59,0.00,11.45,0.67,17.13,1.00,11.95,0.67,0.23,1.00,87.76,0.00,149.95,0.00,5.09,0.00,1.28,0.00,1.07,0.50,7.70,0.00
JCI,Johnson Controls International plc,Industrials,40.28%,4.83/12,0*2*12,46.74,1.00,23.67,0.67,13.42,0.67,91.97,0.00,22.33,0.67,2.45,0.33,88.56,0.00,136.64,0.00,0.21,1.00,0.31,0.50,-2.26,0.00,-1.05,0.00
PAYX,"Paychex, Inc.",Industrials,40.28%,4.83/12,0*2*12,30.19,1.00,27.42,0.67,11.92,0.67,68.05,0.00,3.20,1.00,0.06,1.00,113.93,0.50,117.19,0.00,36.63,0.00,3.54,0.00,-21.52,0.00,-3.25,0.00
GWW,"W.W. Grainger, Inc.",Industrials,40.28%,4.83/12,0*0*12,30.89,1.00,7.39,0.00,14.14,0.67,23.13,1.00,100.00,0.00,1.47,0.67,153.84,1.00,211.86,0.50,7.55,0.00,1.09,0.00,44.94,0.00,3.71,0.00
ACN,Accenture plc,Technology,40.28%,4.83/12,0*0*12,48.37,1.00,11.06,0.33,16.04,1.00,43.07,0.00,-42.39,1.00,-0.85,1.00,100.60,0.50,139.67,0.00,7.35,0.00,2.38,0.00,9.28,0.00,1.42,0.00
OTIS,Otis Worldwide Corporation,Industrials,39.58%,3.17/8,4*0*12,17.18,0.50,8.12,0.00,11.48,0.67,107.58,0.00,-82.98,1.00,-0.76,1.00,44.54,0.00,105.83,0.00,,0.00,,0.00,,0.00,,0.00
ARE,"Alexandria Real Estate Equities, Inc.",Real Estate,39.39%,4.33/11,1*1*12,48.21,1.00,23.72,0.67,1.97,0.00,0.00,1.00,74.31,0.00,1.58,0.67,86.00,0.00,,0.00,-21.51,0.00,10.98,0.00,0.55,1.00,1.23,0.00
ETSY,"Etsy, Inc.",Consumer Cyclical,38.89%,4.67/12,0*2*12,26.36,0.50,11.72,0.33,6.22,0.33,34.12,0.00,7.32,1.00,0.13,1.00,200.44,1.00,488.54,0.50,13.32,0.00,1.10,0.00,-11.46,0.00,-3.34,0.00
VLO,Valero Energy Corporation,Energy,38.89%,4.67/12,0*2*12,40.48,1.00,2.24,0.00,4.50,0.00,1.19,1.00,32.51,0.67,0.94,1.00,88.78,0.00,144.14,0.00,-1.91,0.00,-0.17,0.00,0.60,1.00,43.93,0.00
MA,Mastercard Incorporated,Financial Services,38.89%,4.67/12,0*1*12,20.16,0.50,48.08,1.00,27.77,1.00,68.23,0.00,14.44,0.67,0.10,1.00,116.91,0.50,141.99,0.00,5.18,0.00,6.12,0.00,5.44,0.00,-32.09,0.00
CNC,Centene Corporation,Healthcare,38.89%,4.67/12,0*0*12,30.62,1.00,1.77,0.00,3.22,0.00,54.68,0.00,12.77,0.67,0.72,1.00,121.62,0.50,143.57,0.00,2.50,0.00,0.08,1.00,4.08,0.00,0.43,0.50
LUV,Southwest Airlines Co.,Industrials,38.89%,4.67/12,0*2*12,37.97,1.00,10.26,0.33,8.88,0.33,9.87,1.00,-14.31,1.00,-0.28,1.00,58.62,0.00,66.73,0.00,-79.45,0.00,0.65,0.00,-0.99,0.00,1.95,0.00
AKAM,"Akamai Technologies, Inc.",Technology,38.89%,4.67/12,0*0*12,52.21,1.00,16.52,0.33,6.82,0.33,43.75,0.00,8.28,1.00,0.19,1.00,115.13,0.50,321.87,0.50,3.21,0.00,3.80,0.00,3.30,0.00,1.94,0.00
DOC,Physicians Realty Trust,Real Estate,38.10%,2.67/7,5*0*12,56.06,1.00,17.94,0.33,1.71,0.00,0.00,1.00,66.98,0.00,4.61,0.33,95.52,0.00,,0.00,,0.00,,0.00,,0.00,,0.00
LEN,Lennar Corporation,Consumer Cyclical,37.88%,4.17/11,1*1*12,54.32,1.00,8.31,0.00,6.30,0.33,22.93,1.00,50.96,0.33,5.18,0.00,262.13,1.00,,0.00,5.00,0.00,0.45,0.00,-5.49,0.00,0.58,0.50
COF,Capital One Financial Corporation,Financial Services,37.88%,4.17/11,1*1*12,14.86,0.50,16.42,0.33,1.42,0.00,25.26,1.00,83.40,0.00,2.76,0.33,24.74,0.00,,0.00,-5.19,0.00,0.72,0.00,0.35,1.00,0.20,1.00
GL,Globe Life Inc.,Financial Services,37.88%,4.17/11,1*0*12,28.08,0.50,16.80,0.33,2.93,0.00,6.05,1.00,21.55,0.67,1.12,0.67,33.95,0.00,,0.00,4.90,0.00,1.15,0.00,3.26,0.00,0.16,1.00
SYF,Synchrony Financial,Financial Services,37.88%,4.17/11,1*0*12,14.39,0.50,19.25,0.33,3.57,0.00,7.14,1.00,131.67,0.00,2.21,0.33,33.34,0.00,,0.00,0.53,0.50,0.21,0.50,0.88,0.50,0.42,0.50
HIG,"The Hartford Financial Services Group, Inc.",Financial Services,37.88%,4.17/11,1*0*12,22.97,0.50,10.05,0.33,2.94,0.00,11.76,1.00,28.66,0.67,1.30,0.67,29.19,0.00,,0.00,2.57,0.00,0.42,0.00,8.68,0.00,0.33,1.00
ZION,"Zions Bancorporation, National Association",Financial Services,37.88%,4.17/11,1*1*12,10.63,0.50,25.15,0.67,1.18,0.00,13.79,1.00,23.43,0.67,2.12,0.33,13.12,0.00,,0.00,6.48,0.00,0.39,0.50,-0.95,0.00,0.43,0.50
MTCH,"Match Group, Inc.",Communication Services,37.50%,3.00/8,4*0*12,23.53,0.50,26.31,0.67,16.44,1.00,248.91,0.00,195.53,0.00,2.85,0.33,104.07,0.50,139.52,0.00,,0.00,,0.00,,0.00,,0.00
BWA,BorgWarner Inc.,Consumer Cyclical,37.50%,4.50/12,0*3*12,48.51,1.00,7.34,0.00,7.69,0.33,39.14,0.00,23.97,0.67,0.76,1.00,108.76,0.50,164.71,0.50,-1.84,0.00,-1.08,0.00,-1.80,0.00,0.45,0.50
BF.B,Brown-Forman Corporation,Consumer Defensive,37.50%,4.50/12,0*1*12,32.05,1.00,25.12,0.67,16.25,1.00,45.72,0.00,129.51,0.00,2.32,0.33,162.69,1.00,386.77,0.50,11.32,0.00,14.84,0.00,9.51,0.00,-0.57,0.00
MSCI,MSCI Inc.,Financial Services,37.50%,4.50/12,0*1*12,-1.82,0.00,36.18,1.00,13.41,0.67,-2037.27,0.00,-2040.51,1.00,2.05,0.33,141.11,1.00,231.11,0.50,24.50,0.00,11.40,0.00,12.88,0.00,13.08,0.00
CHRW,"C.H. Robinson Worldwide, Inc.",Industrials,37.50%,4.50/12,0*2*12,36.00,1.00,3.77,0.00,12.43,0.67,77.32,0.00,51.82,0.33,0.96,1.00,138.09,1.00,169.67,0.50,-6.77,0.00,-0.48,0.00,7.14,0.00,8.92,0.00
IR,Ingersoll Rand Inc.,Industrials,37.50%,4.50/12,0*1*12,37.35,1.00,10.02,0.33,6.00,0.33,76.94,0.00,86.57,0.00,2.92,0.33,105.84,0.50,223.21,0.50,0.41,1.00,1.18,0.00,1.08,0.50,1.95,0.00
J,Jacobs Solutions Inc.,Industrials,37.50%,4.50/12,0*2*12,49.85,1.00,6.65,0.00,7.39,0.33,95.06,0.00,13.48,0.67,-3.34,1.00,94.08,0.00,133.77,0.00,0.39,1.00,0.20,0.50,0.32,0.00,0.18,0.00
FTV,Fortive Corporation,Technology,37.50%,3.00/8,4*0*12,36.10,1.00,18.15,0.33,9.95,0.33,134.51,0.00,81.63,0.00,2.40,0.33,103.74,0.50,183.29,0.50,,0.00,,0.00,,0.00,,0.00
NTAP,"NetApp, Inc.",Technology,37.50%,4.50/12,0*1*12,12.47,0.50,19.02,0.33,13.37,0.67,159.17,0.00,-193.21,1.00,-1.39,1.00,71.35,0.00,145.07,0.00,0.15,1.00,0.69,0.00,16.66,0.00,0.08,0.00
PAYC,"Paycom Software, Inc.",Technology,37.50%,4.50/12,0*0*12,21.18,0.50,24.48,0.67,7.26,0.33,9.85,1.00,-19.19,1.00,-0.32,1.00,90.53,0.00,106.71,0.00,16.97,0.00,4.34,0.00,10.30,0.00,3.31,0.00
BAC,Bank of America Corporation,Financial Services,36.36%,4.00/11,1*0*12,10.88,0.50,24.15,0.67,1.13,0.00,26.04,1.00,89.97,0.00,3.86,0.33,19.78,0.00,,0.00,5.64,0.00,0.69,0.00,0.28,1.00,0.58,0.50
KEY,KeyCorp,Financial Services,36.36%,4.00/11,1*1*12,11.75,0.50,22.32,0.67,1.18,0.00,15.64,1.00,73.06,0.00,4.16,0.33,20.34,0.00,,0.00,-9.35,0.00,1.02,0.00,1.18,0.50,0.32,1.00
NCLH,Norwegian Cruise Line Holdings Ltd.,Consumer Cyclical,36.11%,4.33/12,0*2*12,39.05,1.00,14.39,0.33,5.58,0.33,21.32,1.00,100.51,0.00,1.89,0.67,78.79,0.00,20.37,0.00,-61.68,0.00,0.50,0.00,-2.71,0.00,0.39,1.00
ADM,Archer-Daniels-Midland Company,Consumer Defensive,36.11%,4.33/12,0*3*12,43.66,1.00,2.13,0.00,3.13,0.00,17.62,1.00,41.80,0.33,-1.74,1.00,118.68,0.50,155.43,0.50,-2.45,0.00,1.60,0.00,-1.14,0.00,-0.80,0.00
COST,Costco Wholesale Corporation,Consumer Defensive,36.11%,4.33/12,0*0*12,33.57,1.00,2.40,0.00,8.06,0.33,0.00,1.00,-14.43,1.00,-0.24,1.00,94.74,0.00,101.07,0.00,12.52,0.00,0.63,0.00,11.65,0.00,2.65,0.00
DVN,Devon Energy Corporation,Energy,36.11%,4.33/12,0*4*12,42.30,1.00,-5.71,0.00,-2.59,0.00,12.98,1.00,53.03,0.33,0.77,1.00,104.76,0.50,199.84,0.50,0.11,0.00,-0.21,0.00,-1.87,0.00,-0.15,0.00
PYPL,"PayPal Holdings, Inc.",Financial Services,36.11%,4.33/12,0*1*12,32.89,1.00,13.84,0.33,4.79,0.00,36.79,0.00,-34.33,1.00,-1.21,1.00,170.20,1.00,143.00,0.00,15.06,0.00,2.66,0.00,-5.26,0.00,3.74,0.00
DVA,DaVita Inc.,Healthcare,36.11%,4.33/12,0*1*12,12.32,0.50,7.12,0.00,4.68,0.00,318.16,0.00,327.85,0.00,2.14,0.33,74.23,0.00,155.57,0.50,0.28,1.00,0.16,1.00,0.28,1.00,-0.15,0.00
WAT,Waters Corporation,Healthcare,36.11%,4.33/12,0*1*12,-8.46,0.00,24.61,0.67,23.16,1.00,-164.66,0.00,-621.42,1.00,1.67,0.67,109.64,0.50,221.95,0.50,7.10,0.00,1.78,0.00,3.12,0.00,0.08,0.00
ADBE,Adobe Inc.,Technology,36.11%,4.33/12,0*1*12,50.72,1.00,26.42,0.67,14.22,0.67,101.53,0.00,-0.37,1.00,-0.01,1.00,80.74,0.00,79.29,0.00,20.74,0.00,3.43,0.00,14.36,0.00,9.00,0.00
INTC,Intel Corporation,Technology,36.11%,4.33/12,0*0*12,56.88,1.00,29.25,0.67,15.42,1.00,33.84,0.00,20.45,0.67,0.32,1.00,97.80,0.00,140.02,0.00,11.64,0.00,2.59,0.00,1.65,0.00,3.08,0.00
QCOM,QUALCOMM Incorporated,Technology,36.11%,4.33/12,0*3*12,14.90,0.50,22.41,0.67,13.31,0.67,127.97,0.00,75.39,0.00,0.45,1.00,113.37,0.50,187.63,0.50,-0.11,0.00,-2.95,0.00,0.87,0.50,1.73,0.00
NRG,"NRG Energy, Inc.",Utilities,36.11%,4.33/12,0*1*12,13.23,0.50,45.19,1.00,35.42,1.00,34.92,0.00,334.50,0.00,3.48,0.33,79.01,0.00,130.90,0.00,0.02,1.00,0.21,0.50,2.25,0.00,-0.19,0.00
AIG,"American International Group, Inc.",Financial Services,34.85%,3.83/11,1*2*12,12.51,0.50,6.71,0.00,0.64,0.00,0.00,1.00,49.48,0.33,-32.79,1.00,19.05,0.00,,0.00,-0.02,0.00,0.86,0.00,0.14,0.00,0.19,1.00
BX,Blackstone Inc.,Financial Services,34.85%,3.83/11,1*0*12,21.51,0.50,27.93,0.67,6.29,0.33,26.68,1.00,125.35,0.00,4.34,0.33,68.70,0.00,,0.00,2.70,0.00,3.55,0.00,0.14,1.00,2.18,0.00
CB,Chubb Limited,Financial Services,34.85%,3.83/11,1*0*12,31.27,1.00,13.01,0.33,2.52,0.00,27.64,1.00,24.63,0.67,2.15,0.33,39.45,0.00,,0.00,4.56,0.00,1.33,0.00,2.62,0.00,0.45,0.50
C,Citigroup Inc.,Financial Services,34.85%,3.83/11,1*1*12,9.90,0.00,18.75,0.33,0.99,0.00,11.45,1.00,125.88,0.00,-32.43,1.00,22.37,0.00,,0.00,1.54,0.00,0.30,0.50,0.11,0.00,0.35,1.00
LVS,Las Vegas Sands Corp.,Consumer Cyclical,34.72%,4.17/12,0*2*12,25.21,0.50,17.58,0.33,10.70,0.67,0.00,1.00,129.08,0.00,1.30,0.67,103.40,0.50,176.31,0.50,-8.34,0.00,2.06,0.00,7.01,0.00,-4.24,0.00
MHK,"Mohawk Industries, Inc.",Consumer Cyclical,34.72%,4.17/12,0*1*12,60.66,1.00,7.46,0.00,5.56,0.33,31.65,0.00,29.99,0.67,1.24,0.67,107.60,0.50,163.29,0.50,-3.52,0.00,4.38,0.00,48.83,0.00,0.45,0.50
ABBV,AbbVie Inc.,Healthcare,34.72%,4.17/12,0*2*12,-9.17,0.00,23.69,0.67,8.84,0.33,-190.94,0.00,-328.00,1.00,1.93,0.67,138.41,1.00,317.74,0.50,2.03,0.00,10.52,0.00,-28.84,0.00,1.94,0.00
POOL,Pool Corporation,Industrials,34.72%,4.17/12,0*0*12,27.65,0.50,8.18,0.00,17.64,1.00,45.98,0.00,117.71,0.00,1.45,0.67,178.51,1.00,249.09,0.50,14.48,0.00,2.23,0.00,1.28,0.00,0.59,0.50
TYL,"Tyler Technologies, Inc.",Technology,34.72%,4.17/12,0*1*12,73.78,1.00,13.49,0.33,6.69,0.33,51.95,0.00,-16.83,1.00,-0.92,1.00,106.95,0.50,133.51,0.00,-137.27,0.00,4.88,0.00,55.49,0.00,5.87,0.00
NWS,News Corporation,Communication Services,33.33%,4.00/12,0*1*12,58.20,1.00,1.54,0.00,0.99,0.00,56.29,0.00,-2.08,1.00,-0.13,1.00,87.03,0.00,121.26,0.00,-0.28,0.00,0.33,0.50,0.80,0.50,2.33,0.00
NWSA,News Corporation,Communication Services,33.33%,4.00/12,0*1*12,58.20,1.00,1.54,0.00,0.99,0.00,56.29,0.00,-2.08,1.00,-0.13,1.00,87.03,0.00,121.26,0.00,-0.27,0.00,0.32,0.50,0.78,0.50,2.26,0.00
WBD,"Warner Bros. Discovery, Inc.",Communication Services,33.33%,4.00/12,0*1*12,29.32,0.50,18.57,0.33,6.13,0.33,131.94,0.00,142.73,0.00,3.83,0.33,87.33,0.00,161.07,0.50,0.18,1.00,0.94,0.00,0.48,1.00,0.25,0.00
BG,Bunge Global SA,Consumer Defensive,33.33%,4.00/12,0*4*12,32.28,1.00,-3.11,0.00,-6.99,0.00,10.33,1.00,67.58,0.00,-14.07,1.00,119.33,0.50,155.39,0.50,0.02,0.00,-0.08,0.00,1.36,0.00,-6.62,0.00
DG,Dollar General Corporation,Consumer Defensive,33.33%,4.00/12,0*0*12,48.60,1.00,6.20,0.00,12.04,0.67,67.61,0.00,40.97,0.33,0.91,1.00,108.65,0.50,154.62,0.50,19.32,0.00,0.65,0.00,3.60,0.00,5.16,0.00
CME,CME Group Inc.,Financial Services,33.33%,4.00/12,0*1*12,34.74,1.00,38.44,1.00,2.81,0.00,41.11,0.00,8.45,1.00,0.76,1.00,84.06,0.00,102.71,0.00,20.26,0.00,2.32,0.00,8.28,0.00,5.06,0.00
L,Loews Corporation,Financial Services,33.33%,3.67/11,1*1*12,23.25,0.50,6.25,0.00,1.13,0.00,4.01,1.00,58.56,0.33,4.02,0.33,37.33,0.00,,0.00,1.60,0.00,0.37,0.50,-0.48,0.00,0.39,1.00
TECH,Bio-Techne Corporation,Healthcare,33.33%,4.00/12,0*2*12,61.85,1.00,13.46,0.33,5.10,0.33,62.86,0.00,29.09,0.67,1.64,0.67,112.67,0.50,404.58,0.50,-14.28,0.00,5.41,0.00,25.56,0.00,0.22,0.00
HSIC,"Henry Schein, Inc.",Healthcare,33.33%,4.00/12,0*1*12,41.92,1.00,6.96,0.00,9.72,0.33,82.14,0.00,21.70,0.67,0.87,1.00,92.26,0.00,158.29,0.50,1.56,0.00,0.31,0.50,8.78,0.00,1.55,0.00
MDT,Medtronic plc,Healthcare,33.33%,4.00/12,0*1*12,55.85,1.00,15.16,0.33,5.16,0.33,79.77,0.00,30.90,0.67,1.90,0.67,110.11,0.50,259.29,0.50,3.51,0.00,7.55,0.00,2.30,0.00,546.82,0.00
FRT,Federal Realty Investment Trust,Real Estate,33.33%,3.67/11,1*0*12,37.31,1.00,37.81,1.00,5.21,0.33,0.00,1.00,130.21,0.00,3.07,0.33,94.91,0.00,,0.00,3.46,0.00,103.71,0.00,2.58,0.00,2.99,0.00
PLD,"Prologis, Inc.",Real Estate,33.33%,3.67/11,1*1*12,56.59,1.00,47.23,1.00,3.93,0.00,0.00,1.00,47.75,0.33,2.08,0.33,87.83,0.00,,0.00,-37.43,0.00,5.22,0.00,8.36,0.00,7.09,0.00
UDR,"UDR, Inc.",Real Estate,33.33%,3.67/11,1*1*12,34.85,1.00,16.05,0.33,1.92,0.00,0.00,1.00,139.92,0.00,2.11,0.33,79.51,0.00,,0.00,-20.00,0.00,17.31,0.00,0.25,1.00,2.20,0.00
APH,Amphenol Corporation,Technology,33.33%,4.00/12,0*2*12,41.89,1.00,14.04,0.33,10.68,0.67,107.43,0.00,59.56,0.33,1.50,0.67,117.10,0.50,197.46,0.50,-31.11,0.00,36.12,0.00,3.34,0.00,-6.09,0.00
FFIV,"F5, Inc.",Technology,33.33%,4.00/12,0*2*12,51.96,1.00,19.07,0.33,12.62,0.67,60.48,0.00,-55.20,1.00,-1.14,1.00,93.76,0.00,136.73,0.00,-14.15,0.00,4.79,0.00,10.36,0.00,-3.64,0.00
JKHY,"Jack Henry & Associates, Inc.",Technology,33.33%,4.00/12,0*1*12,65.41,1.00,17.51,0.33,12.44,0.67,46.67,0.00,-6.55,1.00,-0.16,1.00,88.46,0.00,121.17,0.00,-8.25,0.00,7.21,0.00,14.82,0.00,6.66,0.00
JNPR,"Juniper Networks, Inc.",Technology,33.33%,4.00/12,0*4*12,52.17,1.00,7.76,0.00,3.90,0.00,72.38,0.00,-5.85,1.00,-0.42,1.00,111.84,0.50,207.90,0.50,-2.47,0.00,-6.24,0.00,-1.45,0.00,-1.02,0.00
ORCL,Oracle Corporation,Technology,33.33%,4.00/12,0*1*12,20.04,0.50,28.05,0.67,10.20,0.67,200.96,0.00,84.11,0.00,1.13,0.67,117.84,0.50,248.99,0.50,0.51,0.50,1.19,0.00,4.34,0.00,-0.12,0.00
QRVO,"Qorvo, Inc.",Technology,33.33%,4.00/12,0*2*12,75.06,1.00,4.31,0.00,2.29,0.00,49.86,0.00,4.78,1.00,0.20,1.00,128.03,0.50,386.77,0.50,-0.40,0.00,2.00,0.00,-23.30,0.00,4.26,0.00
TDY,Teledyne Technologies Incorporated,Technology,33.33%,4.00/12,0*0*12,59.28,1.00,12.72,0.33,8.78,0.33,75.53,0.00,23.98,0.67,1.14,0.67,106.08,0.50,172.13,0.50,7.48,0.00,2.27,0.00,17.24,0.00,5.07,0.00
VRSN,"VeriSign, Inc.",Technology,33.33%,4.00/12,0*1*12,-80.37,0.00,49.71,1.00,33.03,1.00,-3.53,0.00,-38.22,1.00,0.72,1.00,51.70,0.00,132.47,0.00,24.23,0.00,22.60,0.00,13.72,0.00,-7.61,0.00
SRE,Sempra,Utilities,33.33%,4.00/12,0*1*12,30.38,1.00,20.32,0.67,3.35,0.00,8.03,1.00,128.87,0.00,3.33,0.33,65.36,0.00,36.49,0.00,1.07,0.50,21.74,0.00,-2.40,0.00,0.90,0.50
LYB,LyondellBasell Industries N.V.,Basic Materials,31.94%,3.83/12,0*2*12,26.43,0.50,9.78,0.00,11.16,0.67,23.51,1.00,136.85,0.00,1.44,0.67,93.95,0.00,182.95,0.50,-1.49,0.00,9.43,0.00,1.00,0.50,-0.86,0.00
AMZN,"Amazon.com, Inc.",Consumer Cyclical,31.94%,3.83/12,0*0*12,27.55,0.50,4.13,0.00,5.14,0.33,23.77,1.00,-21.28,1.00,-0.24,1.00,79.56,0.00,109.70,0.00,33.28,0.00,1.00,0.00,4.10,0.00,2.00,0.00
RCL,Royal Caribbean Cruises Ltd.,Consumer Cyclical,31.94%,3.83/12,0*1*12,40.12,1.00,17.16,0.33,6.20,0.33,11.39,1.00,85.77,0.00,1.55,0.67,69.60,0.00,14.62,0.00,11.62,0.00,0.52,0.00,-2.19,0.00,0.73,0.50
TSCO,Tractor Supply Company,Consumer Cyclical,31.94%,3.83/12,0*0*12,29.63,0.50,6.73,0.00,10.63,0.67,5.95,1.00,22.12,0.67,0.34,1.00,56.09,0.00,143.31,0.00,11.76,0.00,0.80,0.00,6.32,0.00,11.49,0.00
MRO,Marathon Oil Corporation,Energy,31.94%,3.83/12,0*3*12,60.03,1.00,9.34,0.00,2.37,0.00,0.78,1.00,38.13,0.33,0.86,1.00,97.48,0.00,122.35,0.00,-0.74,0.00,-0.30,0.00,-0.58,0.00,0.69,0.50
CBOE,"Cboe Global Markets, Inc.",Financial Services,31.94%,3.83/12,0*3*12,65.62,1.00,15.02,0.33,7.33,0.33,79.93,0.00,16.91,0.67,0.85,1.00,93.72,0.00,215.77,0.50,-11.80,0.00,-2.24,0.00,4.66,0.00,2.45,0.00
AAL,American Airlines Group Inc.,Industrials,31.94%,3.83/12,0*1*12,-0.20,0.00,3.68,0.00,2.81,0.00,-3466.95,0.00,-17363.56,1.00,2.53,0.33,41.20,0.00,44.81,0.00,0.92,0.50,0.09,1.00,0.27,1.00,-1.11,0.00
CSX,CSX Corporation,Industrials,31.94%,3.83/12,0*1*12,30.97,1.00,27.90,0.67,8.71,0.33,0.00,1.00,120.56,0.00,2.20,0.33,79.59,0.00,152.39,0.50,13.13,0.00,7.57,0.00,5.63,0.00,-116.67,0.00
PWR,"Quanta Services, Inc.",Industrials,31.94%,3.83/12,0*0*12,48.61,1.00,3.32,0.00,4.83,0.00,49.94,0.00,29.68,0.67,1.52,0.67,118.70,0.50,169.28,0.50,1.77,0.00,0.25,0.50,1.75,0.00,1.17,0.00
TXT,Textron Inc.,Industrials,31.94%,3.83/12,0*2*12,36.74,1.00,5.98,0.00,5.43,0.33,38.96,0.00,44.45,0.33,1.81,0.67,112.73,0.50,188.27,0.50,-1.60,0.00,4.28,0.00,-6.40,0.00,0.77,0.50
TEL,TE Connectivity Ltd.,Technology,31.94%,3.83/12,0*4*12,53.67,1.00,13.71,0.33,9.36,0.33,54.30,0.00,28.74,0.67,0.96,1.00,98.76,0.00,156.89,0.50,-2.66,0.00,-9.88,0.00,-12.28,0.00,-13.09,0.00
BLK,"BlackRock, Inc.",Financial Services,31.82%,3.50/11,1*2*12,19.89,0.50,30.79,1.00,2.65,0.00,43.41,0.00,0.38,1.00,0.04,1.00,23.97,0.00,,0.00,11.43,0.00,4.74,0.00,-41.46,0.00,-11.13,0.00
EBAY,eBay Inc.,Consumer Cyclical,31.25%,2.50/8,4*0*12,30.97,1.00,-10.24,0.00,-3.91,0.00,59.30,0.00,51.83,0.33,1.09,0.67,94.74,0.00,217.59,0.50,,0.00,,0.00,,0.00,,0.00
MPC,Marathon Petroleum Corporation,Energy,31.25%,2.50/8,4*0*12,28.61,0.50,4.55,0.00,7.00,0.33,25.55,1.00,70.80,0.00,1.06,0.67,73.94,0.00,127.90,0.00,,0.00,,0.00,,0.00,,0.00
CNP,"CenterPoint Energy, Inc.",Utilities,31.25%,2.50/8,4*0*12,20.62,0.50,18.64,0.33,7.88,0.33,18.49,1.00,162.54,0.00,2.68,0.33,66.61,0.00,110.62,0.00,,0.00,,0.00,,0.00,,0.00
WFC,Wells Fargo & Company,Financial Services,30.95%,2.17/7,5*0*12,10.35,0.50,22.16,0.67,1.18,0.00,13.47,1.00,116.76,0.00,6.35,0.00,22.43,0.00,,0.00,,0.00,,0.00,,0.00,,0.00
ROL,"Rollins, Inc.",Consumer Cyclical,30.56%,3.67/12,0*2*12,46.76,1.00,10.09,0.33,11.66,0.67,70.22,0.00,24.18,0.67,0.59,1.00,76.31,0.00,75.55,0.00,-25.00,0.00,3.20,0.00,27.64,0.00,0.44,0.00
LW,"Lamb Weston Holdings, Inc.",Consumer Defensive,30.56%,3.67/12,0*1*12,-0.15,0.00,12.74,0.33,15.70,1.00,-4476.09,0.00,-50313.04,1.00,2.28,0.33,109.06,0.50,173.93,0.50,9.46,0.00,1.79,0.00,2.42,0.00,3.92,0.00
BKR,Baker Hughes Company,Energy,30.56%,3.67/12,0*4*12,64.43,1.00,0.54,0.00,0.24,0.00,60.18,0.00,9.81,1.00,1.00,0.67,106.65,0.50,152.01,0.50,-7.12,0.00,-0.12,0.00,-4.51,0.00,-0.27,0.00
CVX,Chevron Corporation,Energy,30.56%,3.67/12,0*4*12,60.74,1.00,2.09,0.00,1.23,0.00,3.09,1.00,14.72,0.67,0.51,1.00,80.30,0.00,106.78,0.00,-1.91,0.00,-0.47,0.00,-3.08,0.00,-0.89,0.00
XOM,Exxon Mobil Corporation,Energy,30.56%,3.67/12,0*4*12,52.85,1.00,5.61,0.00,3.95,0.00,0.00,1.00,22.95,0.67,0.81,1.00,69.79,0.00,78.22,0.00,-2.15,0.00,-0.50,0.00,-7.66,0.00,-1353.26,0.00
GNRC,Generac Holdings Inc.,Industrials,30.56%,3.67/12,0*1*12,38.73,1.00,11.43,0.33,9.45,0.33,78.00,0.00,55.79,0.33,1.56,0.67,127.23,0.50,240.58,0.50,23.65,0.00,1.68,0.00,3.54,0.00,3.84,0.00
HON,Honeywell International Inc.,Industrials,30.56%,3.67/12,0*3*12,31.52,1.00,16.73,0.33,10.47,0.67,84.15,0.00,30.20,0.67,0.72,1.00,86.12,0.00,134.29,0.00,-14.10,0.00,-1.61,0.00,8.77,0.00,13.35,0.00
JBHT,"J.B. Hunt Transport Services, Inc.",Industrials,30.56%,3.67/12,0*1*12,41.44,1.00,5.63,0.00,9.44,0.33,4.25,1.00,55.61,0.33,0.65,1.00,89.30,0.00,143.01,0.00,10.46,0.00,0.53,0.00,-5.14,0.00,3.53,0.00
MAS,Masco Corporation,Industrials,30.56%,3.67/12,0*2*12,-4.67,0.00,13.91,0.33,18.56,1.00,-216.60,0.00,-883.40,1.00,2.09,0.33,109.50,0.50,175.13,0.50,2.12,0.00,1.28,0.00,-3.86,0.00,-3.91,0.00
NSC,Norfolk Southern Corporation,Industrials,30.56%,3.67/12,0*0*12,40.04,1.00,24.10,0.67,7.18,0.33,0.00,1.00,76.50,0.00,1.97,0.67,75.51,0.00,90.48,0.00,14.57,0.00,8.56,0.00,5.04,0.00,5.76,0.00
SNPS,"Synopsys, Inc.",Technology,30.56%,3.67/12,0*2*12,63.75,1.00,15.84,0.33,8.31,0.33,77.67,0.00,-14.47,1.00,-0.57,1.00,90.07,0.00,99.23,0.00,10.13,0.00,4.88,0.00,-8.09,0.00,-0.12,0.00
MTB,M&T Bank Corporation,Financial Services,30.30%,3.33/11,1*0*12,13.11,0.50,27.79,0.67,1.61,0.00,29.22,1.00,44.45,0.33,2.76,0.33,18.94,0.00,,0.00,5.93,0.00,0.80,0.00,1.39,0.00,0.79,0.50
MS,Morgan Stanley,Financial Services,30.30%,3.33/11,1*0*12,9.11,0.00,16.80,0.33,1.01,0.00,8.76,1.00,485.63,0.00,9.30,0.00,31.79,0.00,,0.00,3.24,0.00,0.39,0.50,0.03,1.00,0.51,0.50
TRV,"The Travelers Companies, Inc.",Financial Services,30.30%,3.33/11,1*0*12,23.56,0.50,8.30,0.00,2.38,0.00,15.27,1.00,23.37,0.67,1.17,0.67,29.10,0.00,,0.00,9.08,0.00,0.72,0.00,1.55,0.00,0.42,0.50
WRB,W. R. Berkley Corporation,Financial Services,30.30%,3.33/11,1*0*12,22.78,0.50,8.63,0.00,2.56,0.00,2.79,1.00,26.38,0.67,1.19,0.67,34.51,0.00,,0.00,12.46,0.00,2.70,0.00,2.89,0.00,0.91,0.50
AVB,"AvalonBay Communities, Inc.",Real Estate,30.30%,3.33/11,1*1*12,57.47,1.00,33.81,1.00,4.11,0.00,0.00,1.00,66.22,0.00,2.48,0.33,96.77,0.00,,0.00,-6.96,0.00,251.29,0.00,49.92,0.00,6.28,0.00
ESS,"Essex Property Trust, Inc.",Real Estate,30.30%,3.33/11,1*1*12,48.96,1.00,30.08,1.00,3.46,0.00,0.00,1.00,92.26,0.00,4.15,0.33,99.96,0.00,,0.00,15.55,0.00,14.00,0.00,3.63,0.00,-12.24,0.00
CTVA,"Corteva, Inc.",Basic Materials,29.17%,3.50/12,0*3*12,57.34,1.00,-6.93,0.00,-2.26,0.00,42.08,0.00,-6.78,1.00,-0.74,1.00,84.58,0.00,164.11,0.50,0.80,0.00,-2.50,0.00,4.05,0.00,-0.18,0.00
SPGI,S&P Global Inc.,Financial Services,29.17%,3.50/12,0*1*12,4.22,0.00,31.69,1.00,18.71,1.00,746.35,0.00,220.04,0.00,0.36,1.00,66.71,0.00,152.34,0.50,16.64,0.00,6.05,0.00,3.99,0.00,-19.81,0.00
DHR,Danaher Corporation,Healthcare,29.17%,2.33/8,4*0*12,56.50,1.00,16.06,0.33,5.34,0.33,95.37,0.00,37.53,0.33,2.41,0.33,92.18,0.00,142.94,0.00,,0.00,,0.00,,0.00,,0.00
WBA,"Walgreens Boots Alliance, Inc.",Healthcare,29.17%,2.33/8,4*0*12,38.18,1.00,3.82,0.00,7.37,0.33,65.04,0.00,52.34,0.33,1.41,0.67,76.45,0.00,82.36,0.00,,0.00,,0.00,,0.00,,0.00
DAL,"Delta Air Lines, Inc.",Industrials,29.17%,3.50/12,0*1*12,23.80,0.50,10.14,0.33,7.39,0.33,63.69,0.00,53.90,0.33,0.62,1.00,43.05,0.00,40.83,0.00,1.29,0.00,0.29,0.50,0.77,0.50,-0.40,0.00
ITW,Illinois Tool Works Inc.,Industrials,29.17%,3.50/12,0*2*12,20.08,0.50,17.87,0.33,16.73,1.00,148.45,0.00,190.91,0.00,1.74,0.67,122.29,0.50,290.30,0.50,123.54,0.00,-10.06,0.00,12.02,0.00,34.62,0.00
TT,Trane Technologies plc,Industrials,29.17%,2.33/8,4*0*12,39.29,1.00,9.17,0.00,7.17,0.33,83.13,0.00,35.22,0.33,1.44,0.67,83.77,0.00,126.74,0.00,,0.00,,0.00,,0.00,,0.00
GLW,Corning Incorporated,Technology,29.17%,3.50/12,0*3*12,44.66,1.00,8.35,0.00,3.32,0.00,14.99,1.00,41.11,0.33,1.32,0.67,96.27,0.00,211.96,0.50,-14.09,0.00,1.58,0.00,-1.06,0.00,-2.29,0.00
KLAC,KLA Corporation,Technology,29.17%,3.50/12,0*2*12,29.52,0.50,25.73,0.67,13.05,0.67,83.18,0.00,63.33,0.00,1.31,0.67,124.27,0.50,244.00,0.50,3.20,0.00,3.89,0.00,-16.15,0.00,0.12,0.00
PANW,"Palo Alto Networks, Inc.",Technology,29.17%,3.50/12,0*3*12,24.06,0.50,-2.82,0.00,-1.24,0.00,85.25,0.00,-86.56,1.00,-1.16,1.00,103.04,0.50,178.48,0.50,26.44,0.00,1.45,0.00,-343.88,0.00,2.39,0.00
ATO,Atmos Energy Corporation,Utilities,29.17%,3.50/12,0*3*12,43.02,1.00,17.62,0.33,3.83,0.00,12.71,1.00,69.04,0.00,1.49,0.67,71.88,0.00,37.87,0.00,-5.74,0.00,-1.67,0.00,-5.87,0.00,0.90,0.50
FITB,Fifth Third Bancorp,Financial Services,28.79%,3.17/11,1*1*12,12.52,0.50,25.66,0.67,1.48,0.00,20.05,1.00,70.17,0.00,7.11,0.00,21.30,0.00,,0.00,6.44,0.00,0.63,0.00,-0.73,0.00,0.38,1.00
NTRS,Northern Trust Corporation,Financial Services,28.79%,3.17/11,1*0*12,8.11,0.00,22.60,0.67,1.09,0.00,6.28,1.00,1049.93,0.00,36.48,0.00,11.40,0.00,,0.00,423.42,0.00,1.47,0.00,0.56,1.00,0.68,0.50
LIN,Linde plc,Basic Materials,27.78%,3.33/12,0*2*12,56.66,1.00,8.09,0.00,2.64,0.00,55.06,0.00,22.94,0.67,1.14,0.67,78.37,0.00,85.13,0.00,-4.08,0.00,0.27,0.50,0.88,0.50,-2.84,0.00
DRI,"Darden Restaurants, Inc.",Consumer Cyclical,27.78%,3.33/12,0*1*12,40.60,1.00,8.38,0.00,12.11,0.67,49.47,0.00,19.66,0.67,0.27,1.00,66.40,0.00,60.55,0.00,4.40,0.00,1.24,0.00,1.62,0.00,-0.25,0.00
DPZ,"Domino's Pizza, Inc.",Consumer Cyclical,27.78%,3.33/12,0*1*12,-247.14,0.00,11.07,0.33,28.99,1.00,-0.44,0.00,-114.87,1.00,6.74,0.00,110.23,0.50,173.55,0.50,8.53,0.00,1.40,0.00,5.07,0.00,-0.89,0.00
LKQ,LKQ Corporation,Consumer Cyclical,27.78%,3.33/12,0*1*12,39.19,1.00,4.33,0.00,4.24,0.00,87.97,0.00,70.25,0.00,2.65,0.33,107.81,0.50,215.18,0.50,4.39,0.00,0.35,0.50,0.74,0.50,2.21,0.00
PSX,Phillips 66,Energy,27.78%,3.33/12,0*3*12,42.42,1.00,2.86,0.00,5.24,0.33,13.13,1.00,40.74,0.33,1.17,0.67,81.50,0.00,123.60,0.00,-0.81,0.00,-9.90,0.00,-1.20,0.00,1.36,0.00
JNJ,Johnson & Johnson,Healthcare,27.78%,3.33/12,0*2*12,37.70,1.00,18.42,0.33,9.59,0.33,56.56,0.00,14.14,0.67,0.31,1.00,76.44,0.00,125.89,0.00,-2828.14,0.00,13.43,0.00,13.75,0.00,-4.57,0.00
SYK,Stryker Corporation,Healthcare,27.78%,3.33/12,0*3*12,42.45,1.00,13.99,0.33,6.90,0.33,70.81,0.00,52.04,0.33,2.35,0.33,120.56,0.50,251.32,0.50,-3.52,0.00,2.75,0.00,-11.61,0.00,11.45,0.00
CI,The Cigna Group,Healthcare,27.78%,3.33/12,0*1*12,29.10,0.50,3.32,0.00,3.28,0.00,98.38,0.00,70.25,0.00,3.02,0.33,61.33,0.00,74.36,0.00,0.82,0.50,0.01,1.00,0.29,1.00,0.55,0.00
TMO,Thermo Fisher Scientific Inc.,Healthcare,27.78%,3.33/12,0*1*12,50.83,1.00,14.47,0.33,6.33,0.33,86.65,0.00,51.61,0.33,2.60,0.33,100.57,0.50,191.92,0.50,7.23,0.00,4.53,0.00,9.46,0.00,2.90,0.00
CTAS,Cintas Corporation,Industrials,27.78%,3.33/12,0*1*12,40.38,1.00,12.84,0.33,11.90,0.67,94.66,0.00,91.69,0.00,2.05,0.33,106.54,0.50,198.30,0.50,21.21,0.00,2.33,0.00,9.59,0.00,61.09,0.00
NI,NiSource Inc.,Utilities,27.78%,3.33/12,0*2*12,26.42,0.50,7.35,0.00,1.69,0.00,24.82,1.00,158.74,0.00,2.72,0.33,66.53,0.00,49.49,0.00,-0.11,0.00,-11.52,0.00,0.38,1.00,0.75,0.50
PCAR,PACCAR Inc,Industrials,27.27%,3.00/11,1*1*12,34.22,1.00,9.33,0.00,8.42,0.33,1.12,1.00,72.62,0.00,1.46,0.67,78.33,0.00,,0.00,5.87,0.00,0.54,0.00,-11.16,0.00,1.11,0.00
CPT,Camden Property Trust,Real Estate,27.27%,3.00/11,1*0*12,53.77,1.00,21.35,0.67,3.25,0.00,0.00,1.00,68.92,0.00,2.60,0.33,91.78,0.00,,0.00,6.64,0.00,12.46,0.00,6.66,0.00,2.39,0.00
KIM,Kimco Realty Corporation,Real Estate,27.27%,3.00/11,1*4*12,44.23,1.00,35.43,1.00,3.73,0.00,0.00,1.00,106.72,0.00,5.04,0.00,95.55,0.00,,0.00,-3.64,0.00,-9.27,0.00,-2.00,0.00,-0.57,0.00
MAA,"Mid-America Apartment Communities, Inc.",Real Estate,27.27%,3.00/11,1*1*12,54.16,1.00,21.56,0.67,3.15,0.00,0.00,1.00,72.90,0.00,3.73,0.33,94.29,0.00,,0.00,4.88,0.00,12.61,0.00,11.91,0.00,-8.62,0.00
O,Realty Income Corporation,Real Estate,27.27%,3.00/11,1*0*12,53.00,1.00,27.38,0.67,2.38,0.00,0.18,1.00,80.30,0.00,2.37,0.33,96.71,0.00,,0.00,48.25,0.00,39.76,0.00,3.96,0.00,3.87,0.00
REG,Regency Centers Corporation,Real Estate,27.27%,3.00/11,1*2*12,55.81,1.00,21.13,0.67,2.15,0.00,4.95,1.00,61.26,0.00,3.43,0.33,93.94,0.00,,0.00,-61.96,0.00,29.65,0.00,4.06,0.00,-70.07,0.00
TSLA,"Tesla, Inc.",Consumer Cyclical,27.08%,2.17/8,4*0*12,16.55,0.50,-4.55,0.00,-3.28,0.00,1.38,1.00,168.30,0.00,1.88,0.67,66.84,0.00,83.13,0.00,,0.00,,0.00,,0.00,,0.00
PH,Parker-Hannifin Corporation,Industrials,27.08%,2.17/8,4*0*12,38.25,1.00,7.42,0.00,6.92,0.33,93.93,0.00,70.00,0.00,2.22,0.33,99.45,0.00,159.04,0.50,,0.00,,0.00,,0.00,,0.00
VMC,Vulcan Materials Company,Basic Materials,26.39%,3.17/12,0*0*12,52.79,1.00,12.53,0.33,5.80,0.33,56.33,0.00,44.70,0.33,1.84,0.67,90.69,0.00,257.55,0.50,8.08,0.00,1.59,0.00,14.39,0.00,1.73,0.00
TMUS,"T-Mobile US, Inc.",Communication Services,26.39%,3.17/12,0*1*12,33.12,1.00,7.71,0.00,3.99,0.00,6.70,1.00,97.19,0.00,1.97,0.67,73.84,0.00,74.40,0.00,6.50,0.00,2.93,0.00,0.71,0.50,1.45,0.00
BBWI,"Bath & Body Works, Inc.",Consumer Cyclical,26.39%,3.17/12,0*3*12,-10.74,0.00,4.87,0.00,7.96,0.33,-155.12,0.00,-509.21,1.00,2.21,0.33,101.22,0.50,164.15,0.50,-1.08,0.00,0.31,0.50,-3.99,0.00,-1.62,0.00
EXPE,"Expedia Group, Inc.",Consumer Cyclical,26.39%,3.17/12,0*1*12,18.52,0.50,4.68,0.00,2.64,0.00,204.87,0.00,27.65,0.67,0.28,1.00,59.62,0.00,72.20,0.00,3.27,0.00,0.55,0.00,0.49,1.00,-4.84,0.00
KR,The Kroger Co.,Consumer Defensive,26.39%,3.17/12,0*0*12,20.69,0.50,2.57,0.00,8.16,0.33,39.15,0.00,187.67,0.00,2.08,0.33,73.07,0.00,75.68,0.00,0.65,0.50,0.14,1.00,0.76,0.50,1.19,0.00
CAH,"Cardinal Health, Inc.",Healthcare,26.39%,3.17/12,0*1*12,15.45,0.50,0.94,0.00,3.33,0.00,132.40,0.00,86.92,0.00,1.80,0.67,91.40,0.00,106.79,0.00,0.29,1.00,0.06,1.00,210.50,0.00,1.75,0.00
ZTS,Zoetis Inc.,Healthcare,26.39%,3.17/12,0*1*12,23.46,0.50,23.96,0.67,12.99,0.67,95.72,0.00,166.73,0.00,2.00,0.33,127.34,0.50,262.90,0.50,39.27,0.00,6.72,0.00,22.65,0.00,6.94,0.00
MMM,3M Company,Industrials,26.39%,3.17/12,0*1*12,26.84,0.50,16.33,0.33,14.65,0.67,102.60,0.00,117.03,0.00,1.43,0.67,102.15,0.50,189.25,0.50,7.73,0.00,2.46,0.00,7.97,0.00,-3.78,0.00
ALLE,Allegion plc,Industrials,26.39%,3.17/12,0*2*12,25.53,0.50,14.08,0.33,13.54,0.67,115.30,0.00,141.59,0.00,1.94,0.67,111.17,0.50,197.59,0.50,-19.69,0.00,2.50,0.00,7.54,0.00,3.83,0.00
BLDR,"Builders FirstSource, Inc.",Industrials,26.39%,3.17/12,0*2*12,25.39,0.50,3.05,0.00,6.83,0.33,93.22,0.00,154.82,0.00,2.07,0.33,108.22,0.50,159.12,0.50,7.66,0.00,-0.24,0.00,0.39,1.00,1.55,0.00
ETN,Eaton Corporation plc,Industrials,26.39%,3.17/12,0*1*12,49.02,1.00,10.34,0.33,6.74,0.33,83.67,0.00,47.77,0.33,1.90,0.67,99.27,0.00,170.07,0.50,13.27,0.00,5.25,0.00,1.56,0.00,342.72,0.00
CBRE,"CBRE Group, Inc.",Real Estate,26.39%,3.17/12,0*1*12,38.48,1.00,5.37,0.00,7.92,0.33,60.22,0.00,29.97,0.67,1.23,0.67,92.97,0.00,117.06,0.00,3.91,0.00,0.34,0.50,5.55,0.00,-0.07,0.00
EVRG,"Evergy, Inc.",Utilities,26.39%,3.17/12,0*1*12,33.00,1.00,13.01,0.33,2.58,0.00,27.26,1.00,116.42,0.00,3.37,0.33,70.94,0.00,62.83,0.00,2.77,0.00,0.41,0.00,0.83,0.50,-1.19,0.00
CFG,"Citizens Financial Group, Inc.",Financial Services,25.76%,2.83/11,1*1*12,13.40,0.50,22.20,0.67,1.08,0.00,31.73,0.00,40.71,0.33,4.38,0.33,17.34,0.00,,0.00,3.35,0.00,0.51,0.00,-23.03,0.00,0.29,1.00
ALL,The Allstate Corporation,Financial Services,25.76%,2.83/11,1*2*12,18.99,0.50,5.42,0.00,1.92,0.00,11.87,1.00,27.93,0.67,1.09,0.67,24.84,0.00,,0.00,-2.13,0.00,0.64,0.00,1.45,0.00,-7.15,0.00
GS,"The Goldman Sachs Group, Inc.",Financial Services,25.76%,2.83/11,1*1*12,9.09,0.00,15.42,0.33,0.85,0.00,4.65,1.00,513.88,0.00,14.36,0.00,39.55,0.00,,0.00,-2.26,0.00,0.59,0.00,0.26,1.00,0.69,0.50
EXR,Extra Space Storage Inc.,Real Estate,25.76%,2.83/11,1*2*12,29.77,0.50,32.10,1.00,4.92,0.00,0.00,1.00,196.10,0.00,4.45,0.33,89.60,0.00,,0.00,-175.14,0.00,6.12,0.00,-8.12,0.00,6.96,0.00
MOS,The Mosaic Company,Basic Materials,25.00%,3.00/12,0*3*12,47.60,1.00,-11.98,0.00,-5.53,0.00,12.59,1.00,44.58,0.33,1.73,0.67,88.00,0.00,143.47,0.00,0.03,0.00,-0.52,0.00,5.76,0.00,-0.53,0.00
AZO,"AutoZone, Inc.",Consumer Cyclical,25.00%,3.00/12,0*1*12,-17.32,0.00,13.63,0.33,16.34,1.00,-17.66,0.00,-296.78,1.00,1.94,0.67,71.76,0.00,91.23,0.00,2.97,0.00,0.85,0.00,6.25,0.00,-3.71,0.00
KMX,"CarMax, Inc.",Consumer Cyclical,25.00%,3.00/12,0*0*12,17.93,0.50,4.64,0.00,4.50,0.00,0.00,1.00,420.79,0.00,30.21,0.00,110.51,0.50,245.06,0.50,2.83,0.00,0.32,0.50,1.77,0.00,2.71,0.00
SBUX,Starbucks Corporation,Consumer Cyclical,25.00%,3.00/12,0*3*12,-32.43,0.00,13.58,0.33,18.73,1.00,-56.01,0.00,-134.94,1.00,1.23,0.67,36.38,0.00,91.65,0.00,-10.42,0.00,1.03,0.00,-1.20,0.00,-0.32,0.00
HD,"The Home Depot, Inc.",Consumer Cyclical,25.00%,3.00/12,0*1*12,-4.27,0.00,10.28,0.33,25.27,1.00,-119.91,0.00,-1460.28,1.00,1.76,0.67,97.86,0.00,110.85,0.00,4.67,0.00,1.25,0.00,6.29,0.00,-2.02,0.00
STZ,"Constellation Brands, Inc.",Consumer Defensive,25.00%,3.00/12,0*1*12,42.94,1.00,42.33,1.00,11.75,0.67,64.45,0.00,107.74,0.00,4.32,0.33,95.16,0.00,116.44,0.00,1.22,0.00,2.90,0.00,10.57,0.00,-0.15,0.00
PEP,"PepsiCo, Inc.",Consumer Defensive,25.00%,2.00/8,4*0*12,13.64,0.50,7.65,0.00,6.09,0.33,135.40,0.00,181.57,0.00,1.52,0.67,91.61,0.00,151.34,0.50,,0.00,,0.00,,0.00,,0.00
PM,Philip Morris International Inc.,Consumer Defensive,25.00%,3.00/12,0*2*12,-27.00,0.00,24.11,0.67,16.76,1.00,-50.60,0.00,-208.90,1.00,2.21,0.33,67.43,0.00,108.93,0.00,-9.99,0.00,44.42,0.00,367.45,0.00,3.09,0.00
EQT,EQT Corporation,Energy,25.00%,3.00/12,0*4*12,52.12,1.00,-27.66,0.00,-6.50,0.00,0.00,1.00,53.94,0.33,1.53,0.67,88.43,0.00,130.39,0.00,0.11,0.00,-0.52,0.00,-0.04,0.00,-0.07,0.00
OKE,"ONEOK, Inc.",Energy,25.00%,3.00/12,0*2*12,28.54,0.50,12.58,0.33,5.86,0.33,10.94,1.00,204.19,0.00,2.19,0.33,92.08,0.00,72.78,0.00,8.99,0.00,-0.54,0.00,0.68,0.50,-3.32,0.00
BRO,"Brown & Brown, Inc.",Financial Services,25.00%,3.00/12,0*1*12,43.95,1.00,16.66,0.33,5.23,0.33,111.81,0.00,29.87,0.67,1.33,0.67,94.59,0.00,121.97,0.00,9.41,0.00,1.32,0.00,3.40,0.00,18.98,0.00
EMR,Emerson Electric Co.,Industrials,25.00%,3.00/12,0*1*12,40.17,1.00,12.55,0.33,11.25,0.67,79.39,0.00,51.34,0.33,1.17,0.67,93.65,0.00,119.46,0.00,11.68,0.00,1.32,0.00,10.24,0.00,-1.50,0.00
NDSN,Nordson Corporation,Industrials,25.00%,3.00/12,0*4*12,44.96,1.00,15.36,0.33,9.59,0.33,102.13,0.00,70.07,0.00,2.48,0.33,106.41,0.50,211.71,0.50,-12.14,0.00,-9.93,0.00,-3.54,0.00,2.98,0.00
ADI,"Analog Devices, Inc.",Technology,25.00%,3.00/12,0*4*12,54.73,1.00,22.75,0.67,6.37,0.33,104.68,0.00,41.37,0.33,1.92,0.67,87.09,0.00,131.58,0.00,-16.08,0.00,-10.44,0.00,-13.83,0.00,2.39,0.00
HPE,Hewlett Packard Enterprise Company,Technology,25.00%,3.00/12,0*2*12,33.01,1.00,3.60,0.00,2.02,0.00,107.07,0.00,58.88,0.33,1.47,0.67,72.27,0.00,79.04,0.00,-1.58,0.00,0.72,0.00,0.47,1.00,0.03,0.00
JBL,Jabil Inc.,Technology,25.00%,3.00/12,0*1*12,14.55,0.50,1.14,0.00,2.21,0.00,32.97,0.00,74.75,0.00,0.64,1.00,88.22,0.00,97.81,0.00,0.64,0.50,0.05,1.00,-0.01,0.00,7.42,0.00
CRM,"Salesforce, Inc.",Technology,25.00%,3.00/12,0*1*12,50.77,1.00,8.36,0.00,3.61,0.00,82.35,0.00,-4.46,1.00,-0.17,1.00,94.92,0.00,94.92,0.00,5.09,0.00,2.81,0.00,11.45,0.00,-9.50,0.00
SO,The Southern Company,Utilities,25.00%,3.00/12,0*2*12,23.42,0.50,22.20,0.67,4.01,0.00,19.00,1.00,161.42,0.00,3.36,0.33,63.92,0.00,78.25,0.00,1.12,0.50,-0.94,0.00,-1.36,0.00,3.69,0.00
HBAN,Huntington Bancshares Incorporated,Financial Services,24.24%,2.67/11,1*1*12,10.82,0.50,24.95,0.67,1.29,0.00,16.87,1.00,83.46,0.00,5.86,0.00,19.85,0.00,,0.00,9.40,0.00,0.94,0.00,-4.97,0.00,0.50,0.50
DLR,"Digital Realty Trust, Inc.",Real Estate,24.24%,2.67/11,1*1*12,42.83,1.00,18.07,0.33,2.51,0.00,34.04,0.00,103.35,0.00,3.35,0.33,90.92,0.00,,0.00,3.31,0.00,8.71,0.00,-10.11,0.00,0.39,1.00
WELL,Welltower Inc.,Real Estate,24.24%,2.67/11,1*2*12,46.56,1.00,24.06,0.67,3.69,0.00,0.44,1.00,94.84,0.00,9.60,0.00,95.86,0.00,,0.00,2.82,0.00,13.58,0.00,-8.81,0.00,-13.00,0.00
ALB,Albemarle Corporation,Basic Materials,23.61%,2.83/12,0*1*12,39.88,1.00,14.86,0.33,5.41,0.33,40.15,0.00,61.98,0.00,1.55,0.67,88.99,0.00,157.92,0.50,-3.30,0.00,2.20,0.00,1.25,0.00,1.13,0.00
MLM,"Martin Marietta Materials, Inc.",Basic Materials,23.61%,2.83/12,0*0*12,52.81,1.00,12.91,0.33,6.04,0.33,44.79,0.00,51.61,0.33,2.03,0.33,89.49,0.00,170.15,0.50,4.72,0.00,1.47,0.00,2.45,0.00,1.66,0.00
NFLX,"Netflix, Inc.",Communication Services,23.61%,2.83/12,0*2*12,22.32,0.50,9.26,0.00,5.49,0.33,0.00,1.00,128.47,0.00,-3.70,1.00,80.37,0.00,90.12,0.00,10.10,0.00,1.71,0.00,-52.80,0.00,-0.86,0.00
F,Ford Motor Company,Consumer Cyclical,23.61%,2.83/12,0*3*12,12.84,0.50,0.03,0.00,0.02,0.00,0.84,1.00,363.59,0.00,4.77,0.33,93.12,0.00,116.22,0.00,-10.56,0.00,-0.30,0.00,0.57,1.00,-0.53,0.00
WRK,WestRock Company,Consumer Cyclical,23.61%,2.83/12,0*2*12,38.70,1.00,4.72,0.00,2.86,0.00,62.43,0.00,84.93,0.00,2.69,0.33,84.08,0.00,144.81,0.00,-0.67,0.00,0.24,0.50,0.55,1.00,-0.76,0.00
HAL,Halliburton Company,Energy,23.61%,2.83/12,0*4*12,31.57,1.00,-5.05,0.00,-4.46,0.00,35.10,0.00,102.23,0.00,2.06,0.33,130.26,1.00,229.85,0.50,0.06,0.00,-0.40,0.00,-0.64,0.00,-0.51,0.00
COR,"Cencora, Inc.",Healthcare,23.61%,2.83/12,0*2*12,7.35,0.00,0.48,0.00,2.18,0.00,232.92,0.00,38.88,0.33,0.42,1.00,65.52,0.00,95.10,0.00,-1.84,0.00,0.05,1.00,0.75,0.50,2.72,0.00
XRAY,DENTSPLY SIRONA Inc.,Healthcare,23.61%,2.83/12,0*3*12,58.95,1.00,-25.36,0.00,-11.64,0.00,67.00,0.00,26.32,0.67,1.96,0.67,98.34,0.00,186.32,0.50,1.34,0.00,8.84,0.00,-10.62,0.00,-27.60,0.00
LLY,Eli Lilly and Company,Healthcare,23.61%,2.83/12,0*2*12,6.64,0.00,37.27,1.00,21.17,1.00,141.14,0.00,494.02,0.00,2.08,0.33,64.22,0.00,116.43,0.00,0.54,0.50,1.73,0.00,-4.01,0.00,0.09,0.00
TFX,Teleflex Incorporated,Healthcare,23.61%,2.83/12,0*1*12,47.22,1.00,17.78,0.33,7.31,0.33,75.36,0.00,53.97,0.33,2.97,0.33,96.70,0.00,232.01,0.50,1.54,0.00,4.89,0.00,31.43,0.00,1.32,0.00
UNP,Union Pacific Corporation,Industrials,23.61%,2.83/12,0*2*12,29.39,0.50,27.27,0.67,9.60,0.33,0.00,1.00,134.10,0.00,2.02,0.33,72.27,0.00,79.50,0.00,24.46,0.00,-65.25,0.00,11.17,0.00,-4.29,0.00
XYL,Xylem Inc.,Industrials,23.61%,2.83/12,0*2*12,38.35,1.00,7.64,0.00,5.20,0.33,96.01,0.00,53.84,0.33,1.49,0.67,95.00,0.00,163.22,0.50,-6.24,0.00,27.85,0.00,2.76,0.00,2.40,0.00
WY,Weyerhaeuser Company,Real Estate,23.61%,2.83/12,0*4*12,49.84,1.00,-1.16,0.00,-0.46,0.00,0.00,1.00,76.69,0.00,4.65,0.33,96.95,0.00,160.14,0.50,1.70,0.00,-1.25,0.00,-6.12,0.00,-1.31,0.00
HPQ,HP Inc.,Technology,23.61%,2.83/12,0*2*12,-3.56,0.00,5.36,0.00,9.42,0.33,-534.12,0.00,-50.29,1.00,0.11,1.00,26.99,0.00,79.77,0.00,-1.14,0.00,0.37,0.50,2.52,0.00,-0.65,0.00
EXC,Exelon Corporation,Utilities,23.61%,2.83/12,0*2*12,25.78,0.50,8.53,0.00,2.35,0.00,20.72,1.00,115.48,0.00,2.68,0.33,56.62,0.00,84.86,0.00,1.12,0.50,-0.78,0.00,-0.60,0.00,0.90,0.50
ELV,"Elevance Health, Inc.",Healthcare,22.73%,2.50/11,1*1*12,40.96,1.00,4.61,0.00,6.21,0.33,64.61,0.00,47.74,0.33,2.12,0.33,68.28,0.00,,0.00,2.86,0.00,0.25,0.50,1.38,0.00,-0.13,0.00
FCX,Freeport-McMoRan Inc.,Basic Materials,22.22%,2.67/12,0*4*12,22.78,0.50,-1.66,0.00,-0.59,0.00,0.00,1.00,83.95,0.00,1.89,0.67,58.12,0.00,246.65,0.50,0.41,0.00,-0.17,0.00,-0.44,0.00,-1.14,0.00
YUM,"Yum! Brands, Inc.",Consumer Cyclical,22.22%,2.67/12,0*2*12,-153.24,0.00,23.12,0.67,24.74,1.00,-6.61,0.00,-124.21,1.00,6.59,0.00,57.10,0.00,99.09,0.00,-7.16,0.00,68.99,0.00,10.46,0.00,-5.21,0.00
DLTR,"Dollar Tree, Inc.",Consumer Defensive,22.22%,2.67/12,0*2*12,41.80,1.00,-6.97,0.00,-11.78,0.00,40.70,0.00,68.11,0.00,1.49,0.67,107.61,0.50,204.86,0.50,0.06,0.00,1.83,0.00,1.94,0.00,-0.45,0.00
KMB,Kimberly-Clark Corporation,Consumer Defensive,22.22%,2.67/12,0*1*12,-0.22,0.00,11.69,0.33,14.11,0.67,-4445.45,0.00,-22224.24,1.00,1.86,0.67,60.72,0.00,73.09,0.00,2.58,0.00,16.32,0.00,18.01,0.00,11.41,0.00
HES,Hess Corporation,Energy,22.22%,2.67/12,0*3*12,40.09,1.00,-6.28,0.00,-1.87,0.00,4.12,1.00,67.02,0.00,1.31,0.67,86.50,0.00,125.74,0.00,-6.36,0.00,-7.24,0.00,3.39,0.00,-0.72,0.00
ABT,Abbott Laboratories,Healthcare,22.22%,2.67/12,0*1*12,45.79,1.00,11.56,0.33,5.43,0.33,74.61,0.00,43.27,0.33,1.73,0.67,90.39,0.00,144.22,0.00,3.38,0.00,4.68,0.00,115.67,0.00,2.62,0.00
COO,"The Cooper Companies, Inc.",Healthcare,22.22%,2.67/12,0*1*12,57.83,1.00,17.59,0.33,7.44,0.33,66.94,0.00,47.88,0.33,1.73,0.67,95.69,0.00,104.75,0.00,1.30,0.00,6.41,0.00,5.24,0.00,4.16,0.00
AME,"AMETEK, Inc.",Industrials,22.22%,2.67/12,0*1*12,51.96,1.00,16.70,0.33,8.75,0.33,79.12,0.00,46.44,0.33,1.95,0.67,94.47,0.00,142.07,0.00,10.27,0.00,2.98,0.00,3.72,0.00,9.14,0.00
HUBB,Hubbell Incorporated,Industrials,22.22%,2.67/12,0*1*12,36.55,1.00,8.04,0.00,7.39,0.33,100.21,0.00,89.58,0.00,2.60,0.33,108.96,0.50,195.84,0.50,3.13,0.00,0.50,0.00,2.50,0.00,0.04,0.00
TDG,TransDigm Group Incorporated,Industrials,22.22%,2.67/12,0*2*12,-17.81,0.00,17.03,0.33,5.47,0.33,-270.13,0.00,-533.06,1.00,13.81,0.00,119.18,0.50,316.18,0.50,-20.20,0.00,0.95,0.00,239.11,0.00,-0.37,0.00
FLT,"FLEETCOR Technologies, Inc.",Technology,22.22%,2.67/12,0*1*12,30.30,1.00,33.79,1.00,7.31,0.33,130.21,0.00,101.45,0.00,3.04,0.33,91.76,0.00,103.48,0.00,12.18,0.00,4.72,0.00,3.86,0.00,9.33,0.00
ZBRA,Zebra Technologies Corporation,Technology,22.22%,2.67/12,0*2*12,39.04,1.00,12.13,0.33,11.55,0.67,142.58,0.00,67.81,0.00,1.67,0.67,83.02,0.00,85.11,0.00,4.12,0.00,2.19,0.00,-6.01,0.00,2.05,0.00
LNT,Alliant Energy Corporation,Utilities,22.22%,2.67/12,0*1*12,32.36,1.00,15.56,0.33,3.40,0.00,0.00,1.00,120.47,0.00,2.96,0.33,69.12,0.00,42.62,0.00,27.29,0.00,-33.96,0.00,30.30,0.00,1.54,0.00
ED,"Consolidated Edison, Inc.",Utilities,22.22%,2.67/12,0*2*12,31.03,1.00,10.68,0.33,2.31,0.00,2.47,1.00,114.78,0.00,3.03,0.33,67.93,0.00,67.95,0.00,-16.81,0.00,-6.61,0.00,10.76,0.00,1.69,0.00
EIX,Edison International,Utilities,22.22%,2.67/12,0*3*12,20.66,0.50,11.38,0.33,2.18,0.00,0.00,1.00,141.51,0.00,4.12,0.33,51.24,0.00,64.46,0.00,-0.07,0.00,-0.64,0.00,-0.38,0.00,0.56,0.50
NEE,"NextEra Energy, Inc.",Utilities,22.22%,2.67/12,0*2*12,31.44,1.00,19.63,0.33,3.20,0.00,11.36,1.00,113.45,0.00,2.98,0.33,67.60,0.00,53.48,0.00,-3.30,0.00,3.08,0.00,5.58,0.00,-3.37,0.00
PEG,Public Service Enterprise Group Incorporated,Utilities,22.22%,2.67/12,0*1*12,31.61,1.00,16.80,0.33,3.55,0.00,0.00,1.00,106.54,0.00,2.46,0.33,64.79,0.00,64.02,0.00,3.97,0.00,2.88,0.00,-4.11,0.00,1.51,0.00
AXP,American Express Company,Financial Services,21.21%,2.33/11,1*0*12,11.63,0.50,14.98,0.33,3.41,0.00,14.37,1.00,493.13,0.00,7.45,0.00,68.72,0.00,,0.00,32.97,0.00,0.82,0.00,0.66,0.50,3.27,0.00
RJF,"Raymond James Financial, Inc.",Financial Services,21.21%,2.33/11,1*1*12,16.95,0.50,12.89,0.33,2.66,0.00,7.05,1.00,322.76,0.00,29.71,0.00,28.77,0.00,,0.00,2.14,0.00,0.54,0.00,-2.66,0.00,0.95,0.50
UNH,UnitedHealth Group Incorporated,Healthcare,21.21%,2.33/11,1*1*12,33.13,1.00,5.71,0.00,7.96,0.33,113.96,0.00,51.54,0.33,1.45,0.67,63.19,0.00,,0.00,6.24,0.00,0.70,0.00,4.19,0.00,-6.21,0.00
SPG,"Simon Property Group, Inc.",Real Estate,21.21%,2.33/11,1*2*12,8.09,0.00,36.52,1.00,6.73,0.33,0.80,1.00,929.93,0.00,5.02,0.00,91.29,0.00,,0.00,-5.16,0.00,10.00,0.00,8.10,0.00,-2.56,0.00
VTR,"Ventas, Inc.",Real Estate,21.21%,2.33/11,1*2*12,43.41,1.00,11.18,0.33,1.75,0.00,9.81,1.00,112.43,0.00,6.03,0.00,93.05,0.00,,0.00,202.94,0.00,-23.12,0.00,13.96,0.00,-9.15,0.00
MDLZ,"Mondelez International, Inc.",Consumer Defensive,20.83%,1.67/8,4*0*12,41.29,1.00,10.92,0.33,4.49,0.00,81.11,0.00,64.98,0.00,4.68,0.33,70.29,0.00,47.62,0.00,,0.00,,0.00,,0.00,,0.00
TGT,Target Corporation,Consumer Defensive,20.83%,2.50/12,0*0*12,27.36,0.50,3.90,0.00,7.11,0.33,5.60,1.00,86.03,0.00,1.02,0.67,74.80,0.00,83.38,0.00,17.83,0.00,0.45,0.00,6.18,0.00,19.90,0.00
AON,Aon plc,Financial Services,20.83%,2.50/12,0*1*12,11.48,0.50,13.91,0.33,5.21,0.33,241.93,0.00,40.21,0.33,0.66,1.00,77.95,0.00,105.81,0.00,4.93,0.00,4.20,0.00,12.43,0.00,-4.26,0.00
AMGN,Amgen Inc.,Healthcare,20.83%,2.50/12,0*3*12,16.20,0.50,33.57,1.00,13.13,0.67,152.00,0.00,217.02,0.00,2.15,0.33,88.75,0.00,143.67,0.00,-149.43,0.00,5.86,0.00,-4.52,0.00,-0.24,0.00
MCK,McKesson Corporation,Healthcare,20.83%,2.50/12,0*3*12,13.56,0.50,0.02,0.00,0.06,0.00,115.62,0.00,57.01,0.33,1.00,0.67,72.42,0.00,102.23,0.00,-73.28,0.00,0.07,1.00,-36.88,0.00,-34.92,0.00
MTD,Mettler-Toledo International Inc.,Healthcare,20.83%,2.50/12,0*1*12,15.09,0.50,18.65,0.33,20.12,1.00,127.38,0.00,257.48,0.00,1.55,0.67,98.60,0.00,147.07,0.00,13.37,0.00,5.41,0.00,58.72,0.00,-3.76,0.00
UHS,"Universal Health Services, Inc.",Healthcare,20.83%,2.50/12,0*0*12,47.17,1.00,7.16,0.00,6.98,0.33,70.31,0.00,71.27,0.00,1.87,0.67,96.39,0.00,122.55,0.00,5.75,0.00,0.37,0.50,1.95,0.00,2.54,0.00
ROK,"Rockwell Automation, Inc.",Industrials,20.83%,2.50/12,0*2*12,6.61,0.00,10.39,0.33,11.38,0.67,264.99,0.00,296.61,0.00,0.91,1.00,75.48,0.00,154.16,0.50,5.04,0.00,3.31,0.00,-24.10,0.00,0.12,0.00
URI,"United Rentals, Inc.",Industrials,20.83%,2.50/12,0*1*12,20.19,0.50,12.55,0.33,6.19,0.33,134.57,0.00,297.02,0.00,2.12,0.33,83.26,0.00,83.80,0.00,2.90,0.00,0.23,0.50,0.77,0.50,1.59,0.00
DAY,Dayforce Inc,Technology,20.83%,2.50/12,0*2*12,30.93,1.00,9.55,0.00,1.29,0.00,104.85,0.00,21.03,0.67,3.74,0.33,103.52,0.50,107.47,0.00,-13.38,0.00,180.40,0.00,133.30,0.00,65.38,0.00
PPL,PPL Corporation,Utilities,20.83%,2.50/12,0*0*12,26.86,0.50,23.47,0.67,4.21,0.00,27.13,1.00,183.65,0.00,3.53,0.33,77.45,0.00,53.30,0.00,1.65,0.00,28.38,0.00,5.48,0.00,1.86,0.00
IVZ,Invesco Ltd.,Financial Services,19.70%,2.17/11,1*2*12,35.17,1.00,11.25,0.33,1.75,0.00,61.38,0.00,52.41,0.33,5.89,0.00,59.60,0.00,,0.00,-1.31,0.00,6.49,0.00,0.84,0.50,-0.18,0.00
USB,U.S. Bancorp,Financial Services,19.70%,2.17/11,1*1*12,10.47,0.50,25.30,0.67,1.40,0.00,18.62,1.00,74.88,0.00,7.94,0.00,18.30,0.00,,0.00,19.45,0.00,0.98,0.00,-0.89,0.00,1.11,0.00
BXP,"Boston Properties, Inc.",Real Estate,19.70%,2.17/11,1*2*12,26.71,0.50,17.62,0.33,2.45,0.00,0.00,1.00,200.38,0.00,4.93,0.33,91.12,0.00,,0.00,-14.68,0.00,3.42,0.00,14.27,0.00,-4.14,0.00
CE,Celanese Corporation,Basic Materials,19.44%,2.33/12,0*3*12,26.46,0.50,13.53,0.33,8.99,0.33,42.84,0.00,135.70,0.00,1.87,0.67,88.15,0.00,157.64,0.50,-2.04,0.00,-1.27,0.00,8.30,0.00,-1.46,0.00
ECL,Ecolab Inc.,Basic Materials,19.44%,2.33/12,0*1*12,41.62,1.00,10.46,0.33,7.47,0.33,83.49,0.00,71.01,0.00,1.91,0.67,91.39,0.00,132.99,0.00,17.71,0.00,11.55,0.00,26.06,0.00,4.32,0.00
GM,General Motors Company,Consumer Cyclical,19.44%,2.33/12,0*3*12,18.33,0.50,4.91,0.00,2.95,0.00,4.45,1.00,191.62,0.00,2.05,0.33,70.38,0.00,88.32,0.00,-1.91,0.00,-0.23,0.00,-1.31,0.00,0.66,0.50
WYNN,"Wynn Resorts, Limited",Consumer Cyclical,19.44%,2.33/12,0*4*12,12.57,0.50,1.86,0.00,0.89,0.00,0.00,1.00,462.98,0.00,4.10,0.33,107.50,0.50,144.05,0.00,-2.89,0.00,-3.99,0.00,-0.90,0.00,-2.26,0.00
KDP,Keurig Dr Pepper Inc.,Consumer Defensive,19.44%,2.33/12,0*1*12,46.97,1.00,11.28,0.33,2.53,0.00,86.74,0.00,64.39,0.00,5.28,0.00,76.95,0.00,35.11,0.00,1.49,0.00,0.33,0.50,1.13,0.50,3.71,0.00
NDAQ,"Nasdaq, Inc.",Financial Services,19.44%,2.33/12,0*3*12,40.50,1.00,18.16,0.33,5.56,0.33,112.89,0.00,49.02,0.33,2.54,0.33,89.63,0.00,101.49,0.00,1.77,0.00,-58.46,0.00,-16.28,0.00,3.41,0.00
CVS,CVS Health Corporation,Healthcare,19.44%,2.33/12,0*2*12,28.71,0.50,2.58,0.00,2.98,0.00,124.87,0.00,94.61,0.00,3.95,0.33,74.68,0.00,94.37,0.00,-0.05,0.00,0.06,1.00,0.81,0.50,0.57,0.00
HOLX,"Hologic, Inc.",Healthcare,19.44%,2.33/12,0*3*12,32.84,1.00,-6.05,0.00,-3.16,0.00,121.18,0.00,116.94,0.00,3.24,0.33,105.80,0.50,167.56,0.50,-4.98,0.00,3.59,0.00,-10.24,0.00,1.35,0.00
MRK,"Merck & Co., Inc.",Healthcare,19.44%,2.33/12,0*4*12,32.31,1.00,14.71,0.33,7.53,0.33,68.36,0.00,60.86,0.00,1.20,0.67,81.93,0.00,116.52,0.00,-1.97,0.00,-0.36,0.00,-1.41,0.00,1.62,0.00
PNR,Pentair plc,Industrials,19.44%,2.33/12,0*2*12,47.20,1.00,12.03,0.33,8.59,0.33,115.58,0.00,48.45,0.33,2.30,0.33,96.93,0.00,141.78,0.00,23.01,0.00,7.45,0.00,-4.17,0.00,-2.13,0.00
WM,"Waste Management, Inc.",Industrials,19.44%,2.33/12,0*2*12,25.48,0.50,10.81,0.33,6.02,0.33,92.42,0.00,140.59,0.00,1.75,0.67,94.49,0.00,197.49,0.50,-10.85,0.00,4.73,0.00,5.75,0.00,-23.31,0.00
EQIX,"Equinix, Inc.",Real Estate,19.44%,2.33/12,0*1*12,36.89,1.00,9.12,0.00,2.12,0.00,54.09,0.00,112.22,0.00,2.44,0.33,94.20,0.00,133.12,0.00,19.32,0.00,13.31,0.00,-45.11,0.00,0.26,1.00
MSI,"Motorola Solutions, Inc.",Technology,19.44%,2.33/12,0*2*12,-6.58,0.00,11.01,0.33,8.16,0.33,-295.29,0.00,-589.71,1.00,1.99,0.67,68.27,0.00,121.49,0.00,-12.21,0.00,6.65,0.00,1.61,0.00,13.65,0.00
NXPI,NXP Semiconductors N.V.,Technology,19.44%,2.33/12,0*4*12,47.17,1.00,2.74,0.00,1.21,0.00,105.38,0.00,67.21,0.00,2.11,0.33,100.48,0.50,182.41,0.50,-3.99,0.00,-10.44,0.00,-1.25,0.00,-0.94,0.00
ON,ON Semiconductor Corporation,Technology,19.44%,2.33/12,0*4*12,39.19,1.00,3.84,0.00,2.51,0.00,50.25,0.00,82.33,0.00,2.04,0.33,114.29,0.50,166.08,0.50,-1.87,0.00,-1.23,0.00,-1.03,0.00,-0.84,0.00
PTC,PTC Inc.,Technology,19.44%,2.33/12,0*2*12,45.11,1.00,-2.19,0.00,-1.03,0.00,103.01,0.00,30.92,0.67,1.06,0.67,99.42,0.00,122.64,0.00,1.57,0.00,8.60,0.00,5.07,0.00,2.46,0.00
ROP,"Roper Technologies, Inc.",Technology,19.44%,2.33/12,0*2*12,50.75,1.00,18.19,0.33,6.19,0.33,120.78,0.00,59.15,0.33,3.07,0.33,92.96,0.00,111.22,0.00,-64.69,0.00,3.93,0.00,11.52,0.00,77.06,0.00
TRMB,Trimble Inc.,Technology,19.44%,2.33/12,0*1*12,46.97,1.00,15.76,0.33,7.74,0.33,118.01,0.00,53.03,0.33,2.53,0.33,87.37,0.00,101.81,0.00,1.54,0.00,2.92,0.00,4.50,0.00,1.63,0.00
WDC,Western Digital Corporation,Technology,19.44%,2.33/12,0*4*12,37.80,1.00,-4.55,0.00,-2.86,0.00,101.09,0.00,70.90,0.00,2.92,0.33,112.97,0.50,222.09,0.50,0.11,0.00,-0.25,0.00,-0.53,0.00,-1.15,0.00
DTE,DTE Energy Company,Utilities,19.44%,2.33/12,0*1*12,28.21,0.50,7.88,0.00,3.09,0.00,22.40,1.00,138.43,0.00,2.63,0.33,67.73,0.00,73.46,0.00,-37.45,0.00,0.73,0.00,1.03,0.50,1.60,0.00
PARA,Paramount Global,Communication Services,18.75%,1.50/8,4*0*12,9.49,0.00,8.75,0.00,11.14,0.67,247.27,0.00,499.34,0.00,3.53,0.33,78.53,0.00,157.93,0.50,,0.00,,0.00,,0.00,,0.00
D,"Dominion Energy, Inc.",Utilities,18.75%,1.50/8,4*0*12,22.38,0.50,23.83,0.67,3.92,0.00,37.36,0.00,217.03,0.00,3.72,0.33,66.56,0.00,44.98,0.00,,0.00,,0.00,,0.00,,0.00
SCHW,The Charles Schwab Corporation,Financial Services,18.18%,2.00/11,1*1*12,7.40,0.00,31.43,1.00,1.26,0.00,5.64,1.00,911.38,0.00,19.75,0.00,12.61,0.00,,0.00,5.65,0.00,1.52,0.00,-0.87,0.00,1.02,0.00
TFC,Truist Financial Corporation,Financial Services,18.18%,2.00/11,1*3*12,14.03,0.50,21.99,0.67,0.68,0.00,36.39,0.00,56.03,0.33,24.47,0.00,21.90,0.00,,0.00,-1.49,0.00,-0.43,0.00,-1.26,0.00,0.59,0.50
DE,Deere & Company,Industrials,18.18%,2.00/11,1*0*12,15.63,0.50,8.28,0.00,4.46,0.00,25.56,1.00,363.42,0.00,6.05,0.00,80.03,0.00,,0.00,2.27,0.00,0.96,0.00,0.94,0.50,4.02,0.00
INVH,Invitation Homes Inc.,Real Estate,18.18%,2.00/11,1*3*12,47.23,1.00,8.24,0.00,0.84,0.00,3.14,1.00,101.97,0.00,5.93,0.00,96.57,0.00,,0.00,-0.35,0.00,-24.22,0.00,1.30,0.00,-2.03,0.00
DOW,Dow Inc.,Basic Materials,18.06%,2.17/12,0*3*12,22.37,0.50,-3.16,0.00,-2.25,0.00,64.96,0.00,107.88,0.00,1.85,0.67,67.53,0.00,157.46,0.50,0.13,0.00,-0.27,0.00,0.86,0.50,-0.71,0.00
OMC,Omnicom Group Inc.,Communication Services,18.06%,2.17/12,0*1*12,10.66,0.50,8.95,0.00,5.00,0.00,330.79,0.00,34.12,0.67,0.50,1.00,61.30,0.00,91.26,0.00,14.19,0.00,5.99,0.00,7.59,0.00,10.21,0.00
IPG,"The Interpublic Group of Companies, Inc.",Communication Services,18.06%,2.17/12,0*1*12,15.64,0.50,6.42,0.00,3.70,0.00,176.32,0.00,76.88,0.00,1.24,0.67,61.77,0.00,93.10,0.00,10.24,0.00,0.77,0.00,0.21,1.00,0.77,0.00
LOW,"Lowe's Companies, Inc.",Consumer Cyclical,18.06%,2.17/12,0*2*12,10.56,0.50,3.25,0.00,6.71,0.33,8.32,1.00,431.17,0.00,2.13,0.33,88.93,0.00,98.14,0.00,-5.60,0.00,0.85,0.00,2.87,0.00,-5.04,0.00
CLX,The Clorox Company,Consumer Defensive,18.06%,2.17/12,0*1*12,10.93,0.50,13.20,0.33,16.03,1.00,284.62,0.00,460.11,0.00,2.15,0.33,74.68,0.00,90.62,0.00,91.34,0.00,5.32,0.00,20.73,0.00,-5.99,0.00
KO,The Coca-Cola Company,Consumer Defensive,18.06%,2.17/12,0*1*12,21.97,0.50,23.94,0.67,10.33,0.67,88.32,0.00,166.42,0.00,2.52,0.33,70.48,0.00,75.67,0.00,4.22,0.00,4.19,0.00,3.16,0.00,-2.94,0.00
HSY,The Hershey Company,Consumer Defensive,18.06%,2.17/12,0*2*12,21.37,0.50,14.40,0.33,14.12,0.67,114.19,0.00,216.95,0.00,1.81,0.67,87.49,0.00,105.39,0.00,-59.64,0.00,5.78,0.00,7.90,0.00,23.84,0.00
TRGP,Targa Resources Corp.,Energy,18.06%,2.17/12,0*4*12,27.64,0.50,-2.41,0.00,-1.11,0.00,0.87,1.00,144.07,0.00,1.76,0.67,73.67,0.00,88.56,0.00,0.10,0.00,-0.24,0.00,-37.54,0.00,-0.51,0.00
WMB,"The Williams Companies, Inc.",Energy,18.06%,2.17/12,0*4*12,29.02,0.50,10.36,0.33,1.85,0.00,0.00,1.00,164.63,0.00,3.77,0.33,75.37,0.00,39.82,0.00,-0.11,0.00,-1.96,0.00,-1.40,0.00,-0.73,0.00
MCO,Moody's Corporation,Financial Services,18.06%,2.17/12,0*1*12,5.96,0.00,29.45,0.67,13.85,0.67,608.17,0.00,596.57,0.00,2.09,0.33,94.03,0.00,192.42,0.50,17.36,0.00,5.06,0.00,10.52,0.00,13.85,0.00
BMY,Bristol-Myers Squibb Company,Healthcare,18.06%,2.17/12,0*4*12,39.71,1.00,13.15,0.33,2.65,0.00,43.58,0.00,60.74,0.00,3.52,0.33,94.43,0.00,160.37,0.50,-3.16,0.00,-1.58,0.00,-12.89,0.00,0.02,0.00
PODD,Insulet Corporation,Healthcare,18.06%,2.17/12,0*1*12,6.64,0.00,1.57,0.00,1.01,0.00,52.44,0.00,678.13,0.00,1.91,0.67,174.63,1.00,374.76,0.50,27.60,0.00,2.79,0.00,6.49,0.00,-12.39,0.00
FDX,FedEx Corporation,Industrials,18.06%,2.17/12,0*2*12,32.64,1.00,0.77,0.00,0.99,0.00,38.77,0.00,85.95,0.00,1.37,0.67,83.20,0.00,145.19,0.00,-1.91,0.00,0.31,0.50,1.75,0.00,-1.49,0.00
LHX,"L3Harris Technologies, Inc.",Industrials,18.06%,2.17/12,0*4*12,58.92,1.00,8.87,0.00,2.14,0.00,88.55,0.00,27.14,0.67,5.51,0.00,91.43,0.00,157.45,0.50,-4.01,0.00,-0.85,0.00,-2.81,0.00,-3.42,0.00
LMT,Lockheed Martin Corporation,Industrials,18.06%,2.17/12,0*1*12,6.58,0.00,10.42,0.33,13.11,0.67,339.11,0.00,356.25,0.00,1.27,0.67,47.75,0.00,122.35,0.00,4.13,0.00,0.84,0.00,0.86,0.50,2.95,0.00
BR,"Broadridge Financial Solutions, Inc.",Technology,18.06%,2.17/12,0*2*12,29.05,0.50,11.05,0.33,12.42,0.67,133.04,0.00,106.18,0.00,1.74,0.67,91.53,0.00,129.87,0.00,9.09,0.00,5.60,0.00,-5.27,0.00,-1.72,0.00
CDW,CDW Corporation,Technology,18.06%,2.17/12,0*1*12,12.00,0.50,4.09,0.00,9.21,0.33,265.85,0.00,315.76,0.00,2.40,0.33,112.20,0.50,124.14,0.00,6.75,0.00,0.34,0.50,2.39,0.00,-14.72,0.00
AEE,Ameren Corporation,Utilities,18.06%,2.17/12,0*1*12,27.85,0.50,14.01,0.33,2.86,0.00,5.10,1.00,121.37,0.00,2.12,0.33,61.72,0.00,57.13,0.00,116.28,0.00,-2.11,0.00,11.69,0.00,2.20,0.00
AEP,"American Electric Power Company, Inc.",Utilities,18.06%,2.17/12,0*3*12,25.93,0.50,12.35,0.33,2.53,0.00,0.27,1.00,149.53,0.00,2.83,0.33,62.73,0.00,39.59,0.00,-313.72,0.00,-3.05,0.00,-1.78,0.00,3.39,0.00
AWK,"American Water Works Company, Inc.",Utilities,18.06%,2.17/12,0*0*12,27.63,0.50,16.48,0.33,2.67,0.00,26.86,1.00,144.63,0.00,2.85,0.33,65.75,0.00,37.30,0.00,7.95,0.00,30.79,0.00,23.74,0.00,7.85,0.00
ETR,Entergy Corporation,Utilities,18.06%,2.17/12,0*1*12,20.26,0.50,11.57,0.33,2.43,0.00,3.60,1.00,185.72,0.00,2.61,0.33,56.72,0.00,54.19,0.00,2.40,0.00,-1.48,0.00,2.26,0.00,1.01,0.00
PNW,Pinnacle West Capital Corporation,Utilities,18.06%,2.17/12,0*2*12,29.39,0.50,15.51,0.33,2.91,0.00,0.00,1.00,105.64,0.00,2.67,0.33,58.82,0.00,49.56,0.00,16.99,0.00,-2.03,0.00,-1.56,0.00,2.67,0.00
XEL,Xcel Energy Inc.,Utilities,18.06%,2.17/12,0*1*12,26.24,0.50,11.90,0.33,2.72,0.00,0.00,1.00,140.02,0.00,2.48,0.33,64.91,0.00,68.15,0.00,16.37,0.00,-6.04,0.00,5.37,0.00,1.82,0.00
GPC,Genuine Parts Company,Consumer Cyclical,16.67%,1.33/8,4*0*12,27.49,0.50,3.78,0.00,4.97,0.00,63.13,0.00,87.50,0.00,3.07,0.33,118.01,0.50,133.59,0.00,,0.00,,0.00,,0.00,,0.00
CHD,"Church & Dwight Co., Inc.",Consumer Defensive,16.67%,2.00/12,0*1*12,40.07,1.00,14.13,0.33,9.25,0.33,77.95,0.00,71.50,0.00,2.03,0.33,78.55,0.00,87.56,0.00,17.59,0.00,3.84,0.00,7.27,0.00,-2.34,0.00
MKC,"McCormick & Company, Incorporated",Consumer Defensive,16.67%,2.00/12,0*2*12,33.24,1.00,13.14,0.33,6.78,0.33,130.81,0.00,121.04,0.00,3.72,0.33,80.23,0.00,71.96,0.00,-5.17,0.00,81.78,0.00,7.68,0.00,3.92,0.00
PG,The Procter & Gamble Company,Consumer Defensive,16.67%,2.00/12,0*3*12,41.00,1.00,5.76,0.00,3.39,0.00,85.34,0.00,41.97,0.33,1.07,0.67,72.97,0.00,74.88,0.00,-4.76,0.00,23.04,0.00,-348.18,0.00,-32.99,0.00
SLB,Schlumberger Limited,Energy,16.67%,2.00/12,0*3*12,42.19,1.00,-30.80,0.00,-18.00,0.00,67.52,0.00,55.25,0.33,1.83,0.67,94.48,0.00,118.57,0.00,0.02,0.00,34.35,0.00,-2.73,0.00,-2.47,0.00
AIZ,"Assurant, Inc.",Financial Services,16.67%,1.83/11,1*2*12,12.44,0.50,3.11,0.00,0.61,0.00,45.42,0.00,14.71,0.67,1.02,0.67,17.87,0.00,,0.00,-2.26,0.00,0.95,0.00,11.49,0.00,-0.44,0.00
CTLT,"Catalent, Inc.",Healthcare,16.67%,2.00/12,0*3*12,37.00,1.00,5.46,0.00,2.22,0.00,97.06,0.00,114.23,0.00,5.61,0.00,107.99,0.50,208.11,0.50,6.83,0.00,-2.42,0.00,-3.44,0.00,5.94,0.00
IDXX,"IDEXX Laboratories, Inc.",Healthcare,16.67%,2.00/12,0*1*12,9.68,0.00,17.77,0.33,23.34,1.00,135.08,0.00,449.60,0.00,1.30,0.67,67.40,0.00,93.70,0.00,19.43,0.00,5.07,0.00,10.69,0.00,12.86,0.00
DGX,Quest Diagnostics Incorporated,Healthcare,16.67%,2.00/12,0*1*12,43.92,1.00,11.11,0.33,6.68,0.33,117.34,0.00,64.99,0.00,2.23,0.33,92.79,0.00,125.13,0.00,5.23,0.00,2.44,0.00,8.92,0.00,2.06,0.00
CAT,Caterpillar Inc.,Industrials,16.67%,2.00/12,0*0*12,18.59,0.50,11.33,0.33,7.77,0.33,42.47,0.00,201.35,0.00,3.07,0.33,104.10,0.50,147.23,0.00,15.73,0.00,2.30,0.00,6.44,0.00,2.69,0.00
GPN,Global Payments Inc.,Industrials,16.67%,2.00/12,0*4*12,62.63,1.00,8.77,0.00,0.97,0.00,85.30,0.00,28.40,0.67,4.66,0.33,92.10,0.00,121.99,0.00,-10.48,0.00,-2.30,0.00,-4.58,0.00,21.34,0.00
RTX,RTX Corporation,Industrials,16.67%,1.33/8,4*0*12,30.55,1.00,7.61,0.00,4.70,0.00,94.26,0.00,62.48,0.00,2.31,0.33,85.23,0.00,134.71,0.00,,0.00,,0.00,,0.00,,0.00
BA,The Boeing Company,Industrials,16.67%,2.00/12,0*4*12,-6.45,0.00,-0.75,0.00,-0.48,0.00,-93.54,0.00,-200.44,1.00,-35.61,1.00,36.14,0.00,105.05,0.00,1.59,0.00,-0.57,0.00,2.20,0.00,-0.61,0.00
VRSK,"Verisk Analytics, Inc.",Industrials,16.67%,2.00/12,0*2*12,32.04,1.00,17.26,0.33,6.38,0.33,170.93,0.00,131.21,0.00,2.53,0.33,77.85,0.00,49.93,0.00,-9.05,0.00,4.67,0.00,83.38,0.00,-1.99,0.00
SBAC,SBA Communications Corporation,Real Estate,16.67%,2.00/12,0*1*12,-37.57,0.00,7.30,0.00,1.51,0.00,-0.00,1.00,-278.97,1.00,9.10,0.00,65.22,0.00,31.89,0.00,7.02,0.00,8.06,0.00,9.69,0.00,-2.05,0.00
FIS,"Fidelity National Information Services, Inc.",Technology,16.67%,2.00/12,0*4*12,58.99,1.00,2.88,0.00,0.36,0.00,105.67,0.00,32.68,0.67,4.99,0.33,88.76,0.00,83.72,0.00,-8.25,0.00,-1.28,0.00,-4.24,0.00,-0.25,0.00
EMN,Eastman Chemical Company,Basic Materials,15.28%,1.83/12,0*4*12,37.22,1.00,8.19,0.00,4.74,0.00,74.37,0.00,93.61,0.00,2.89,0.33,91.18,0.00,185.63,0.50,-1.79,0.00,-0.74,0.00,-5.11,0.00,1.74,0.00
IFF,International Flavors & Fragrances Inc.,Basic Materials,15.28%,1.83/12,0*1*12,46.79,1.00,8.87,0.00,3.43,0.00,88.42,0.00,60.80,0.00,4.02,0.33,98.77,0.00,189.57,0.50,3.74,0.00,0.40,0.00,1.28,0.00,2.29,0.00
VZ,Verizon Communications Inc.,Communication Services,15.28%,1.83/12,0*1*12,21.05,0.50,14.61,0.33,6.60,0.33,39.72,0.00,177.37,0.00,2.00,0.67,63.76,0.00,83.52,0.00,2.84,0.00,13.53,0.00,5.57,0.00,1.63,0.00
ICE,"Intercontinental Exchange, Inc.",Financial Services,15.28%,1.83/12,0*2*12,18.26,0.50,29.52,0.67,2.05,0.00,77.32,0.00,40.44,0.33,2.35,0.33,84.88,0.00,98.78,0.00,-1071.24,0.00,6.10,0.00,11.76,0.00,-16.42,0.00
RVTY,"Revvity, Inc.",Healthcare,15.28%,1.83/12,0*2*12,43.03,1.00,7.89,0.00,3.48,0.00,110.57,0.00,66.89,0.00,4.23,0.33,94.46,0.00,180.17,0.50,-44.23,0.00,5.28,0.00,12.18,0.00,-87.11,0.00
HII,"Huntington Ingalls Industries, Inc.",Industrials,15.28%,1.83/12,0*2*12,22.59,0.50,6.17,0.00,7.81,0.33,86.46,0.00,76.26,0.00,0.85,1.00,54.78,0.00,94.44,0.00,-2.15,0.00,0.45,0.00,5.07,0.00,-9.12,0.00
FICO,Fair Isaac Corporation,Technology,15.28%,1.83/12,0*1*12,20.21,0.50,16.56,0.33,13.40,0.67,277.31,0.00,247.91,0.00,2.53,0.33,91.70,0.00,92.84,0.00,6.72,0.00,3.19,0.00,17.30,0.00,-464.99,0.00
IBM,International Business Machines Corporation,Technology,15.28%,1.83/12,0*2*12,13.61,0.50,10.97,0.33,7.07,0.33,215.93,0.00,201.33,0.00,1.76,0.67,70.59,0.00,128.56,0.00,1.68,0.00,2.24,0.00,-11.19,0.00,-18.91,0.00
CMS,CMS Energy Corporation,Utilities,15.28%,1.83/12,0*0*12,19.39,0.50,9.56,0.00,2.68,0.00,0.00,1.00,244.46,0.00,3.08,0.33,69.98,0.00,94.05,0.00,4.91,0.00,4.59,0.00,2.83,0.00,3.93,0.00
BK,The Bank of New York Mellon Corporation,Financial Services,15.15%,1.67/11,1*1*12,10.87,0.50,21.33,0.67,1.16,0.00,41.91,0.00,67.74,0.00,21.52,0.00,18.24,0.00,,0.00,3.11,0.00,0.48,0.00,-0.83,0.00,0.64,0.50
CMCSA,Comcast Corporation,Communication Services,13.89%,1.67/12,0*1*12,31.41,1.00,11.99,0.33,4.96,0.00,83.08,0.00,123.16,0.00,2.67,0.33,78.00,0.00,83.82,0.00,7.25,0.00,0.64,0.00,4.93,0.00,1.00,0.00
HLT,Hilton Worldwide Holdings Inc.,Consumer Cyclical,13.89%,1.67/12,0*1*12,-3.22,0.00,9.32,0.00,5.89,0.33,-1070.33,0.00,-1546.68,1.00,4.69,0.33,58.10,0.00,72.90,0.00,7.73,0.00,1.25,0.00,4.94,0.00,-0.82,0.00
ORLY,"O'Reilly Automotive, Inc.",Consumer Cyclical,13.89%,1.67/12,0*1*12,3.71,0.00,13.70,0.33,12.98,0.67,235.77,0.00,968.97,0.00,1.65,0.67,62.29,0.00,85.78,0.00,10.88,0.00,1.30,0.00,6.71,0.00,-12.75,0.00
CL,Colgate-Palmolive Company,Consumer Defensive,13.89%,1.67/12,0*2*12,0.78,0.00,15.08,0.33,15.74,1.00,2998.29,0.00,5932.48,0.00,2.00,0.33,68.63,0.00,103.49,0.00,-317.75,0.00,10.72,0.00,348.48,0.00,-1.43,0.00
SYY,Sysco Corporation,Consumer Defensive,13.89%,1.67/12,0*1*12,13.93,0.50,2.79,0.00,9.32,0.33,155.69,0.00,305.68,0.00,2.46,0.33,108.14,0.50,133.40,0.00,6.18,0.00,0.78,0.00,5.69,0.00,13.31,0.00
WMT,Walmart Inc.,Consumer Defensive,13.89%,1.67/12,0*2*12,33.06,1.00,1.30,0.00,3.04,0.00,43.01,0.00,64.07,0.00,1.22,0.67,75.50,0.00,79.89,0.00,-8.52,0.00,0.73,0.00,29.73,0.00,-1.47,0.00
KMI,"Kinder Morgan, Inc.",Energy,13.89%,1.67/12,0*2*12,45.50,1.00,16.58,0.33,2.95,0.00,63.57,0.00,98.64,0.00,4.74,0.33,92.58,0.00,63.49,0.00,3.30,0.00,-2.51,0.00,-2.58,0.00,2.83,0.00
WTW,Willis Towers Watson Public Limited Company,Financial Services,13.89%,1.67/12,0*1*12,30.42,1.00,8.16,0.00,2.15,0.00,106.22,0.00,36.25,0.33,2.22,0.33,89.38,0.00,107.31,0.00,9.96,0.00,3.02,0.00,3.36,0.00,6.89,0.00
CRL,"Charles River Laboratories International, Inc.",Healthcare,13.89%,1.67/12,0*1*12,34.83,1.00,9.61,0.00,5.37,0.33,94.25,0.00,100.90,0.00,2.65,0.33,94.90,0.00,143.81,0.00,17.50,0.00,1.19,0.00,11.25,0.00,-8.41,0.00
HCA,"HCA Healthcare, Inc.",Healthcare,13.89%,1.67/12,0*2*12,-6.23,0.00,6.83,0.00,7.78,0.33,-294.48,0.00,-1178.81,1.00,2.81,0.33,90.87,0.00,144.33,0.00,-10.22,0.00,0.41,0.00,1.35,0.00,1.50,0.00
ZBH,"Zimmer Biomet Holdings, Inc.",Healthcare,13.89%,1.67/12,0*3*12,50.28,1.00,14.18,0.33,4.59,0.00,77.49,0.00,61.33,0.00,3.29,0.33,95.92,0.00,137.26,0.00,-0.11,0.00,-48.56,0.00,13.64,0.00,1.04,0.00
DOV,Dover Corporation,Industrials,13.89%,1.67/12,0*1*12,34.98,1.00,9.50,0.00,7.82,0.33,124.75,0.00,88.47,0.00,2.37,0.33,98.45,0.00,145.63,0.00,6.53,0.00,4.53,0.00,4.36,0.00,3.76,0.00
RSG,"Republic Services, Inc.",Industrials,13.89%,1.67/12,0*1*12,35.79,1.00,10.42,0.33,4.73,0.00,143.30,0.00,106.44,0.00,2.43,0.33,75.32,0.00,52.40,0.00,24.77,0.00,3.22,0.00,4.14,0.00,-10.91,0.00
SWK,"Stanley Black & Decker, Inc.",Industrials,13.89%,1.67/12,0*2*12,40.38,1.00,4.33,0.00,3.12,0.00,114.30,0.00,49.89,0.33,2.23,0.33,78.55,0.00,114.19,0.00,-3.17,0.00,0.95,0.00,1.45,0.00,-1.64,0.00
WAB,Westinghouse Air Brake Technologies Corporation,Industrials,13.89%,1.67/12,0*3*12,52.56,1.00,3.98,0.00,1.72,0.00,83.97,0.00,38.42,0.33,3.19,0.33,96.87,0.00,128.67,0.00,-3.49,0.00,-1.41,0.00,1.27,0.00,-0.36,0.00
AVGO,Broadcom Inc.,Technology,13.89%,1.67/12,0*2*12,36.95,1.00,12.05,0.33,4.04,0.00,147.20,0.00,111.35,0.00,2.74,0.33,95.49,0.00,143.75,0.00,-1.63,0.00,2.36,0.00,6.36,0.00,-0.17,0.00
LDOS,"Leidos Holdings, Inc.",Technology,13.89%,1.67/12,0*1*12,36.44,1.00,6.01,0.00,7.12,0.33,143.92,0.00,67.92,0.00,2.08,0.33,96.69,0.00,120.53,0.00,6.75,0.00,0.59,0.00,2.19,0.00,8.19,0.00
ES,Eversource Energy,Utilities,13.89%,1.67/12,0*2*12,31.09,1.00,10.67,0.33,2.21,0.00,34.63,0.00,121.74,0.00,3.16,0.33,70.02,0.00,66.97,0.00,-10.82,0.00,-5.56,0.00,4.58,0.00,1.80,0.00
CF,"CF Industries Holdings, Inc.",Basic Materials,12.50%,1.50/12,0*1*12,23.80,0.50,10.74,0.33,4.05,0.00,81.64,0.00,126.68,0.00,1.92,0.67,61.21,0.00,146.47,0.00,1.43,0.00,1.36,0.00,8.49,0.00,-8.47,0.00
PPG,"PPG Industries, Inc.",Basic Materials,12.50%,1.50/12,0*3*12,29.84,0.50,8.21,0.00,7.02,0.33,84.60,0.00,71.52,0.00,1.52,0.67,85.14,0.00,141.03,0.00,-13.73,0.00,-5.93,0.00,1.75,0.00,14.12,0.00
APTV,Aptiv PLC,Consumer Cyclical,12.50%,1.50/12,0*3*12,28.38,0.50,6.90,0.00,7.36,0.33,63.03,0.00,103.48,0.00,1.64,0.67,95.70,0.00,131.20,0.00,-19.02,0.00,5.75,0.00,-44.01,0.00,-0.50,0.00
AVY,Avery Dennison Corporation,Consumer Cyclical,12.50%,1.50/12,0*2*12,21.94,0.50,4.29,0.00,5.53,0.33,77.31,0.00,140.02,0.00,1.68,0.67,85.87,0.00,103.85,0.00,-4.19,0.00,19.67,0.00,1.37,0.00,31.48,0.00
GIS,"General Mills, Inc.",Consumer Defensive,12.50%,1.50/12,0*3*12,23.43,0.50,10.39,0.33,5.82,0.33,198.40,0.00,199.02,0.00,4.20,0.33,72.05,0.00,59.07,0.00,-4.52,0.00,1.77,0.00,-9.85,0.00,1.16,0.00
MMC,"Marsh & McLennan Companies, Inc.",Financial Services,12.50%,1.50/12,0*1*12,24.85,0.50,10.46,0.33,5.56,0.33,188.26,0.00,138.60,0.00,3.88,0.33,76.31,0.00,105.82,0.00,29.08,0.00,1.53,0.00,67.10,0.00,-0.26,0.00
HWM,Howmet Aerospace Inc.,Industrials,12.50%,1.00/8,4*0*12,26.23,0.50,-0.57,0.00,-0.40,0.00,92.36,0.00,95.60,0.00,8.43,0.00,94.94,0.00,225.85,0.50,,0.00,,0.00,,0.00,,0.00
AMT,American Tower Corporation,Real Estate,12.50%,1.50/12,0*1*12,11.81,0.50,24.90,0.67,4.41,0.00,122.21,0.00,446.14,0.00,4.75,0.33,65.05,0.00,46.54,0.00,5.35,0.00,40.41,0.00,70.11,0.00,-1.96,0.00
AMP,"Ameriprise Financial, Inc.",Financial Services,12.12%,1.33/11,1*2*12,3.77,0.00,14.69,0.33,1.25,0.00,20.37,1.00,271.06,0.00,6.25,0.00,7.43,0.00,,0.00,-50.30,0.00,0.59,0.00,-29.74,0.00,1.26,0.00
STT,State Street Corporation,Financial Services,12.12%,1.33/11,1*2*12,9.95,0.00,17.07,0.33,0.91,0.00,30.93,0.00,51.20,0.33,1.95,0.67,14.33,0.00,,0.00,-6.39,0.00,1.46,0.00,-0.43,0.00,1.43,0.00
T,AT&T Inc.,Communication Services,11.11%,1.33/12,0*2*12,33.39,1.00,7.67,0.00,2.52,0.00,79.38,0.00,81.98,0.00,2.22,0.33,67.52,0.00,79.47,0.00,-2.37,0.00,0.91,0.00,2.53,0.00,1.79,0.00
WHR,Whirlpool Corporation,Consumer Cyclical,11.11%,1.33/12,0*2*12,12.49,0.50,-0.87,0.00,-1.00,0.00,106.98,0.00,197.69,0.00,2.49,0.33,60.65,0.00,81.61,0.00,0.24,0.00,0.26,0.50,7.87,0.00,-0.33,0.00
TAP,Molson Coors Beverage Company,Consumer Defensive,11.11%,1.33/12,0*4*12,46.50,1.00,2.28,0.00,0.84,0.00,56.87,0.00,63.45,0.00,3.42,0.33,80.71,0.00,59.11,0.00,-1.78,0.00,-2.87,0.00,-1.28,0.00,0.89,0.00
SJM,The J. M. Smucker Company,Consumer Defensive,11.11%,1.33/12,0*3*12,47.70,1.00,6.56,0.00,3.08,0.00,79.18,0.00,72.89,0.00,3.87,0.33,83.90,0.00,69.41,0.00,-1.42,0.00,1.30,0.00,-15.67,0.00,-0.51,0.00
KHC,The Kraft Heinz Company,Consumer Defensive,11.11%,1.33/12,0*3*12,50.89,1.00,7.75,0.00,1.91,0.00,68.86,0.00,52.23,0.33,6.24,0.00,85.52,0.00,102.82,0.00,-0.10,0.00,-1.27,0.00,1.53,0.00,0.94,0.00
BDX,"Becton, Dickinson and Company",Healthcare,11.11%,1.33/12,0*1*12,40.72,1.00,7.13,0.00,2.38,0.00,110.89,0.00,89.29,0.00,4.39,0.33,86.83,0.00,117.84,0.00,1.68,0.00,2.66,0.00,6.10,0.00,1.80,0.00
LH,Laboratory Corporation of America Holdings,Healthcare,11.11%,1.33/12,0*2*12,41.93,1.00,7.13,0.00,4.56,0.00,103.94,0.00,78.86,0.00,3.23,0.33,89.26,0.00,112.25,0.00,-18.43,0.00,1.88,0.00,3.97,0.00,-7.39,0.00
EFX,Equifax Inc.,Industrials,11.11%,1.33/12,0*3*12,32.60,1.00,-11.37,0.00,-5.04,0.00,167.08,0.00,115.62,0.00,4.18,0.33,88.93,0.00,88.99,0.00,0.24,0.00,12.40,0.00,-4.25,0.00,-1.32,0.00
ADSK,"Autodesk, Inc.",Technology,11.11%,1.33/12,0*2*12,-4.46,0.00,-3.14,0.00,-1.71,0.00,-1162.07,0.00,-537.74,1.00,2.55,0.33,60.36,0.00,70.40,0.00,16.07,0.00,3.67,0.00,1.76,0.00,3.69,0.00
PCG,PG&E Corporation,Utilities,11.11%,1.33/12,0*3*12,6.03,0.00,-44.61,0.00,-8.97,0.00,0.00,1.00,448.89,0.00,2.07,0.33,37.66,0.00,133.21,0.00,-0.44,0.00,3.83,0.00,-0.99,0.00,-0.08,0.00
FMC,FMC Corporation,Basic Materials,9.72%,1.17/12,0*2*12,25.65,0.50,10.36,0.33,4.84,0.00,57.95,0.00,115.30,0.00,4.63,0.33,95.96,0.00,149.59,0.00,-51.25,0.00,1.42,0.00,8.47,0.00,-0.93,0.00
SHW,The Sherwin-Williams Company,Basic Materials,9.72%,1.17/12,0*1*12,20.12,0.50,8.61,0.00,7.52,0.33,169.88,0.00,206.71,0.00,3.22,0.33,76.74,0.00,102.43,0.00,3.87,0.00,3.78,0.00,3.92,0.00,3.10,0.00
LYV,"Live Nation Entertainment, Inc.",Communication Services,9.72%,1.17/12,0*2*12,10.44,0.50,0.61,0.00,0.64,0.00,174.42,0.00,73.20,0.00,1.00,0.67,65.12,0.00,102.08,0.00,54.68,0.00,0.86,0.00,-1.63,0.00,-1.51,0.00
IP,International Paper Company,Consumer Cyclical,9.72%,1.17/12,0*2*12,23.04,0.50,5.47,0.00,3.66,0.00,43.39,0.00,119.98,0.00,1.89,0.67,64.51,0.00,76.79,0.00,-1.27,0.00,-1.63,0.00,3.62,0.00,1.42,0.00
K,Kellanova,Consumer Defensive,9.72%,1.17/12,0*3*12,15.64,0.50,7.07,0.00,5.47,0.33,213.36,0.00,273.94,0.00,4.27,0.33,70.35,0.00,71.81,0.00,-3.44,0.00,8.40,0.00,-3.41,0.00,1.07,0.00
GD,General Dynamics Corporation,Industrials,9.72%,1.17/12,0*1*12,28.32,0.50,8.85,0.00,7.06,0.33,140.77,0.00,81.43,0.00,2.91,0.33,80.09,0.00,120.75,0.00,18.55,0.00,0.76,0.00,27.66,0.00,1.16,0.00
NOC,Northrop Grumman Corporation,Industrials,9.72%,1.17/12,0*2*12,21.46,0.50,6.64,0.00,5.47,0.33,212.13,0.00,131.92,0.00,2.09,0.33,71.01,0.00,113.26,0.00,-3.88,0.00,0.64,0.00,4.82,0.00,4.11,0.00
DUK,Duke Energy Corporation,Utilities,9.72%,1.17/12,0*0*12,29.48,0.50,14.94,0.33,2.36,0.00,41.23,0.00,130.14,0.00,3.15,0.33,68.02,0.00,62.11,0.00,2.89,0.00,10.39,0.00,1.30,0.00,1.25,0.00
WEC,"WEC Energy Group, Inc.",Utilities,9.72%,1.17/12,0*1*12,29.02,0.50,15.09,0.33,3.25,0.00,30.10,0.00,125.17,0.00,2.76,0.33,64.99,0.00,65.78,0.00,21.04,0.00,-10.79,0.00,35.22,0.00,4.90,0.00
AMCR,Amcor plc,Consumer Cyclical,8.33%,1.00/12,0*4*12,32.68,1.00,4.55,0.00,2.51,0.00,91.92,0.00,98.09,0.00,5.16,0.00,91.33,0.00,114.71,0.00,-3.11,0.00,-0.27,0.00,-1.60,0.00,1.54,0.00
CZR,"Caesars Entertainment, Inc.",Consumer Cyclical,8.33%,1.00/12,0*2*12,19.81,0.50,3.20,0.00,1.44,0.00,81.42,0.00,295.39,0.00,6.83,0.00,87.62,0.00,87.83,0.00,-9.80,0.00,0.24,0.50,10.61,0.00,0.37,0.00
CAG,"Conagra Brands, Inc.",Consumer Defensive,8.33%,1.00/12,0*4*12,33.24,1.00,7.11,0.00,3.05,0.00,155.72,0.00,141.38,0.00,7.06,0.00,92.61,0.00,127.59,0.00,-2.73,0.00,-2.13,0.00,-33.46,0.00,-0.06,0.00
VTRS,Viatris Inc.,Healthcare,8.33%,1.00/12,0*3*12,38.02,1.00,0.15,0.00,0.05,0.00,80.70,0.00,102.08,0.00,5.49,0.00,94.28,0.00,121.34,0.00,-9.70,0.00,5.89,0.00,-0.35,0.00,0.21,0.00
UPS,"United Parcel Service, Inc.",Industrials,8.33%,1.00/12,0*3*12,5.65,0.00,5.99,0.00,7.67,0.33,116.71,0.00,596.79,0.00,1.30,0.67,61.55,0.00,110.96,0.00,-12.51,0.00,1.71,0.00,-1.20,0.00,28.76,0.00
FI,"Fiserv, Inc.",Technology,8.33%,1.00/12,0*2*12,42.53,1.00,8.77,0.00,1.15,0.00,109.28,0.00,63.70,0.00,5.97,0.00,90.24,0.00,108.39,0.00,-5.56,0.00,37.82,0.00,16.99,0.00,-0.22,0.00
CHTR,"Charter Communications, Inc.",Communication Services,6.94%,0.83/12,0*2*12,21.22,0.50,3.64,0.00,1.13,0.00,93.99,0.00,240.60,0.00,3.99,0.33,75.56,0.00,52.25,0.00,8.44,0.00,1.00,0.00,-10.66,0.00,-0.68,0.00
BALL,Ball Corporation,Consumer Cyclical,6.94%,0.83/12,0*2*12,16.99,0.50,4.93,0.00,3.26,0.00,149.85,0.00,204.10,0.00,2.80,0.33,74.43,0.00,87.57,0.00,8.69,0.00,6.07,0.00,-8.30,0.00,-3.24,0.00
MO,"Altria Group, Inc.",Consumer Defensive,6.94%,0.83/12,0*4*12,12.63,0.50,-5.15,0.00,-2.62,0.00,83.20,0.00,416.67,0.00,3.21,0.33,74.84,0.00,59.02,0.00,0.37,0.00,-112.15,0.00,-8.95,0.00,-0.20,0.00
AJG,Arthur J. Gallagher & Co.,Financial Services,6.94%,0.83/12,0*1*12,26.26,0.50,9.30,0.00,3.41,0.00,108.98,0.00,77.62,0.00,3.18,0.33,85.30,0.00,102.20,0.00,46.25,0.00,9.30,0.00,2.37,0.00,-0.96,0.00
GE,General Electric Company,Industrials,6.94%,0.83/12,0*4*12,9.96,0.00,-23.04,0.00,-7.19,0.00,109.66,0.00,125.78,0.00,3.27,0.33,57.92,0.00,166.66,0.50,-0.19,0.00,-1.80,0.00,-2.75,0.00,0.28,0.00
IRM,Iron Mountain Incorporated,Real Estate,6.94%,0.83/12,0*2*12,10.60,0.50,6.27,0.00,1.94,0.00,306.37,0.00,578.97,0.00,4.94,0.33,77.42,0.00,63.42,0.00,-5.13,0.00,16.74,0.00,1.41,0.00,-1.17,0.00
IT,"Gartner, Inc.",Technology,6.94%,0.83/12,0*1*12,13.12,0.50,5.50,0.00,3.26,0.00,312.99,0.00,202.73,0.00,2.66,0.33,58.11,0.00,70.67,0.00,3.47,0.00,1.83,0.00,4.20,0.00,3.38,0.00
FE,FirstEnergy Corp.,Utilities,6.94%,0.83/12,0*2*12,16.49,0.50,8.26,0.00,2.16,0.00,80.54,0.00,292.06,0.00,3.97,0.33,66.72,0.00,50.27,0.00,-3.37,0.00,-1.60,0.00,1.45,0.00,11.07,0.00
MAR,"Marriott International, Inc.",Consumer Cyclical,5.56%,0.67/12,0*3*12,2.81,0.00,6.07,0.00,5.08,0.33,1287.06,0.00,1524.18,0.00,4.58,0.33,48.65,0.00,46.83,0.00,-4.35,0.00,1.63,0.00,-4.79,0.00,-0.71,0.00
IQV,IQVIA Holdings Inc.,Healthcare,4.17%,0.50/12,0*2*12,25.82,0.50,1.72,0.00,0.82,0.00,202.55,0.00,179.01,0.00,5.38,0.00,91.75,0.00,104.59,0.00,-27.54,0.00,1.42,0.00,3.86,0.00,-1.47,0.00
MCHP,Microchip Technology Incorporated,Technology,4.17%,0.50/12,0*1*12,28.81,0.50,6.65,0.00,1.94,0.00,126.03,0.00,186.78,0.00,5.19,0.00,88.22,0.00,93.27,0.00,9.39,0.00,0.71,0.00,3.91,0.00,-0.04,0.00
CPB,Campbell Soup Company,Consumer Defensive,2.78%,0.33/12,0*2*12,8.39,0.00,2.60,0.00,1.60,0.00,364.19,0.00,765.46,0.00,4.74,0.33,73.39,0.00,58.11,0.00,-18.06,0.00,0.47,0.00,11.07,0.00,-4.73,0.00
AES,The AES Corporation,Utilities,2.78%,0.33/12,0*3*12,8.90,0.00,2.97,0.00,0.90,0.00,35.35,0.00,625.63,0.00,3.91,0.33,74.96,0.00,102.65,0.00,-1.34,0.00,-0.85,0.00,1.83,0.00,-2.10,0.00
ABNB,"Airbnb, Inc.",Consumer Cyclical,0.00%,0.00/0,12*0*12,,0.00,,0.00,,0.00,,0.00,,0.00,,0.00,,0.00,,0.00,,0.00,,0.00,,0.00,,0.00
VFC,V.F. Corporation,Consumer Cyclical,0.00%,0.00/0,12*0*12,,0.00,,0.00,,0.00,,0.00,,0.00,,0.00,,0.00,,0.00,,0.00,,0.00,,0.00,,0.00
KVUE,Kenvue Inc.,Consumer Defensive,0.00%,0.00/0,12*0*12,,0.00,,0.00,,0.00,,0.00,,0.00,,0.00,,0.00,,0.00,,0.00,,0.00,,0.00,,0.00
TSN,"Tyson Foods, Inc.",Consumer Defensive,0.00%,0.00/0,12*0*12,,0.00,,0.00,,0.00,,0.00,,0.00,,0.00,,0.00,,0.00,,0.00,,0.00,,0.00,,0.00
BEN,"Franklin Resources, Inc.",Financial Services,0.00%,0.00/0,12*0*12,,0.00,,0.00,,0.00,,0.00,,0.00,,0.00,,0.00,,0.00,,0.00,,0.00,,0.00,,0.00
JPM,JPMorgan Chase & Co.,Financial Services,0.00%,0.00/0,12*0*12,,0.00,,0.00,,0.00,,0.00,,0.00,,0.00,,0.00,,0.00,,0.00,,0.00,,0.00,,0.00
PNC,"The PNC Financial Services Group, Inc.",Financial Services,0.00%,0.00/0,12*0*12,,0.00,,0.00,,0.00,,0.00,,0.00,,0.00,,0.00,,0.00,,0.00,,0.00,,0.00,,0.00
BAX,Baxter International Inc.,Healthcare,0.00%,0.00/0,12*0*12,,0.00,,0.00,,0.00,,0.00,,0.00,,0.00,,0.00,,0.00,,0.00,,0.00,,0.00,,0.00
GEHC,GE HealthCare Technologies Inc.,Healthcare,0.00%,0.00/0,12*0*12,,0.00,,0.00,,0.00,,0.00,,0.00,,0.00,,0.00,,0.00,,0.00,,0.00,,0.00,,0.00
RMD,ResMed Inc.,Healthcare,0.00%,0.00/0,12*0*12,,0.00,,0.00,,0.00,,0.00,,0.00,,0.00,,0.00,,0.00,,0.00,,0.00,,0.00,,0.00
ADP,"Automatic Data Processing, Inc.",Industrials,0.00%,0.00/0,12*0*12,,0.00,,0.00,,0.00,,0.00,,0.00,,0.00,,0.00,,0.00,,0.00,,0.00,,0.00,,0.00
CARR,Carrier Global Corporation,Industrials,0.00%,0.00/0,12*0*12,,0.00,,0.00,,0.00,,0.00,,0.00,,0.00,,0.00,,0.00,,0.00,,0.00,,0.00,,0.00
VLTO,Veralto Corporation,Industrials,0.00%,0.00/0,12*0*12,,0.00,,0.00,,0.00,,0.00,,0.00,,0.00,,0.00,,0.00,,0.00,,0.00,,0.00,,0.00
CCI,Crown Castle Inc.,Real Estate,0.00%,0.00/0,12*0*12,,0.00,,0.00,,0.00,,0.00,,0.00,,0.00,,0.00,,0.00,,0.00,,0.00,,0.00,,0.00
GEN,Gen Digital Inc.,Technology,0.00%,0.00/0,12*0*12,,0.00,,0.00,,0.00,,0.00,,0.00,,0.00,,0.00,,0.00,,0.00,,0.00,,0.00,,0.00
CEG,Constellation Energy Corporation,Utilities,0.00%,0.00/0,12*0*12,,0.00,,0.00,,0.00,,0.00,,0.00,,0.00,,0.00,,0.00,,0.00,,0.00,,0.00,,0.00
